sales_key,order_number,order_line_number,order_date_key,product_key,customer_key,employee_key,status_key,quantity,unit_price,sales_amount,shipping_days
1,10100,1,20030106,23,1,1,3,3,136.00,408.00,4
2,10100,2,20030106,27,1,1,3,2,55.09,110.18,4
3,10100,3,20030106,49,1,1,3,4,75.46,301.84,4
4,10100,4,20030106,79,1,1,3,1,35.29,35.29,4
5,10101,1,20030109,29,2,2,3,4,108.06,432.24,2
6,10101,2,20030109,33,2,2,3,1,167.06,167.06,2
7,10101,3,20030109,60,2,2,3,3,32.53,97.59,2
8,10101,4,20030109,63,2,2,3,2,44.35,88.70,2
9,10102,1,20030110,19,3,3,3,2,95.55,191.10,4
10,10102,2,20030110,20,3,3,3,1,43.13,43.13,4
11,10103,1,20030129,2,4,4,3,11,214.30,2357.30,4
12,10103,2,20030129,6,4,4,3,4,119.67,478.68,4
13,10103,3,20030129,9,4,4,3,8,121.64,973.12,4
14,10103,4,20030129,17,4,4,3,10,94.50,945.00,4
15,10103,5,20030129,30,4,4,3,2,58.34,116.68,4
16,10103,6,20030129,35,4,4,3,12,92.19,1106.28,4
17,10103,7,20030129,36,4,4,3,14,61.84,865.76,4
18,10103,8,20030129,38,4,4,3,13,86.92,1129.96,4
19,10103,9,20030129,43,4,4,3,16,86.31,1380.96,4
20,10103,10,20030129,51,4,4,3,5,98.07,490.35,4
21,10103,11,20030129,52,4,4,3,9,40.75,366.75,4
22,10103,12,20030129,64,4,4,3,1,107.34,107.34,4
23,10103,13,20030129,81,4,4,3,15,88.62,1329.30,4
24,10103,14,20030129,84,4,4,3,3,92.46,277.38,4
25,10103,15,20030129,89,4,4,3,7,63.35,443.45,4
26,10103,16,20030129,102,4,4,3,6,94.07,564.42,4
27,10104,1,20030131,11,5,5,3,1,131.44,131.44,1
28,10104,2,20030131,15,5,5,3,9,111.39,1002.51,1
29,10104,3,20030131,26,5,5,3,8,135.90,1087.20,1
30,10104,4,20030131,28,5,5,3,12,122.73,1472.76,1
31,10104,5,20030131,40,5,5,3,13,165.95,2157.35,1
32,10104,6,20030131,48,5,5,3,3,119.20,357.60,1
33,10104,7,20030131,56,5,5,3,6,52.02,312.12,1
34,10104,8,20030131,67,5,5,3,10,30.41,304.10,1
35,10104,9,20030131,80,5,5,3,5,106.45,532.25,1
36,10104,10,20030131,87,5,5,3,11,51.95,571.45,1
37,10104,11,20030131,88,5,5,3,4,56.55,226.20,1
38,10104,12,20030131,93,5,5,3,7,114.59,802.13,1
39,10104,13,20030131,94,5,5,3,2,53.31,106.62,1
40,10105,1,20030211,5,6,6,3,2,127.84,255.68,1
41,10105,2,20030211,8,6,6,3,15,205.72,3085.80,1
42,10105,3,20030211,13,6,6,3,14,141.88,1986.32,1
43,10105,4,20030211,39,6,6,3,11,136.59,1502.49,1
44,10105,5,20030211,41,6,6,3,13,87.73,1140.49,1
45,10105,6,20030211,50,6,6,3,10,75.48,754.80,1
46,10105,7,20030211,62,6,6,3,9,117.97,1061.73,1
47,10105,8,20030211,71,6,6,3,4,73.46,293.84,1
48,10105,9,20030211,76,6,6,3,1,75.47,75.47,1
49,10105,10,20030211,96,6,6,3,5,54.00,270.00,1
50,10105,11,20030211,98,6,6,3,12,86.61,1039.32,1
51,10105,12,20030211,101,6,6,3,3,60.72,182.16,1
52,10105,13,20030211,105,6,6,3,6,92.16,552.96,1
53,10105,14,20030211,106,6,6,3,7,99.31,695.17,1
54,10105,15,20030211,109,6,6,3,8,44.77,358.16,1
55,10106,1,20030217,22,7,7,3,12,134.04,1608.48,4
56,10106,2,20030217,31,7,7,3,2,81.10,162.20,4
57,10106,3,20030217,37,7,7,3,18,80.86,1455.48,4
58,10106,4,20030217,47,7,7,3,17,94.22,1601.74,4
59,10106,5,20030217,59,7,7,3,4,107.23,428.92,4
60,10106,6,20030217,68,7,7,3,13,65.77,855.01,4
61,10106,7,20030217,74,7,7,3,14,55.89,782.46,4
62,10106,8,20030217,78,7,7,3,11,55.96,615.56,4
63,10106,9,20030217,82,7,7,3,3,71.00,213.00,4
64,10106,10,20030217,90,7,7,3,5,65.35,326.75,4
65,10106,11,20030217,92,7,7,3,6,35.78,214.68,4
66,10106,12,20030217,97,7,7,3,7,91.34,639.38,4
67,10106,13,20030217,99,7,7,3,16,85.09,1361.44,4
68,10106,14,20030217,100,7,7,3,9,99.72,897.48,4
69,10106,15,20030217,103,7,7,3,1,113.90,113.90,4
70,10106,16,20030217,104,7,7,3,8,76.00,608.00,4
71,10106,17,20030217,107,7,7,3,10,70.33,703.30,4
72,10106,18,20030217,108,7,7,3,15,43.70,655.50,4
73,10107,1,20030224,1,8,8,3,2,81.35,162.70,2
74,10107,2,20030224,3,8,8,3,5,105.86,529.30,2
75,10107,3,20030224,4,8,8,3,4,172.36,689.44,2
76,10107,4,20030224,10,8,8,3,1,122.00,122.00,2
77,10107,5,20030224,32,8,8,3,6,52.70,316.20,2
78,10107,6,20030224,57,8,8,3,3,96.92,290.76,2
79,10107,7,20030224,61,8,8,3,7,73.12,511.84,2
80,10107,8,20030224,85,8,8,3,8,88.90,711.20,2
81,10108,1,20030303,7,9,9,3,6,165.38,992.28,5
82,10108,2,20030303,12,9,9,3,4,96.30,385.20,5
83,10108,3,20030303,14,9,9,3,7,75.81,530.67,5
84,10108,4,20030303,16,9,9,3,3,107.10,321.30,5
85,10108,5,20030303,24,9,9,3,2,67.76,135.52,5
86,10108,6,20030303,42,9,9,3,9,73.17,658.53,5
87,10108,7,20030303,44,9,9,3,8,132.29,1058.32,5
88,10108,8,20030303,46,9,9,3,12,52.84,634.08,5
89,10108,9,20030303,53,9,9,3,11,139.87,1538.57,5
90,10108,10,20030303,65,9,9,3,15,64.41,966.15,5
91,10108,11,20030303,73,9,9,3,5,60.01,300.05,5
92,10108,12,20030303,77,9,9,3,1,132.00,132.00,5
93,10108,13,20030303,83,9,9,3,10,67.10,671.00,5
94,10108,14,20030303,86,9,9,3,13,36.21,470.73,5
95,10108,15,20030303,91,9,9,3,16,87.76,1404.16,5
96,10108,16,20030303,95,9,9,3,14,74.85,1047.90,5
97,10109,1,20030310,18,10,10,3,4,117.48,469.92,1
98,10109,2,20030310,25,10,10,3,3,137.98,413.94,1
99,10109,3,20030310,34,10,10,3,1,126.72,126.72,1
100,10109,4,20030310,40,10,10,3,5,160.87,804.35,1
101,10109,5,20030310,45,10,10,3,2,125.74,251.48,1
102,10109,6,20030310,70,10,10,3,6,32.10,192.60,1
103,10110,1,20030318,21,11,11,3,16,118.22,1891.52,2
104,10110,2,20030318,23,11,11,3,7,153.00,1071.00,2
105,10110,3,20030318,27,11,11,3,6,51.46,308.76,2
106,10110,4,20030318,29,11,11,3,4,115.69,462.76,2
107,10110,5,20030318,33,11,11,3,1,163.69,163.69,2
108,10110,6,20030318,49,11,11,3,8,81.91,655.28,2
109,10110,7,20030318,54,11,11,3,9,62.00,558.00,2
110,10110,8,20030318,55,11,11,3,13,72.02,936.26,2
111,10110,9,20030318,58,11,11,3,15,43.27,649.05,2
112,10110,10,20030318,60,11,11,3,3,28.88,86.64,2
113,10110,11,20030318,63,11,11,3,2,40.77,81.54,2
114,10110,12,20030318,66,11,11,3,11,82.69,909.59,2
115,10110,13,20030318,69,11,11,3,10,112.74,1127.40,2
116,10110,14,20030318,72,11,11,3,12,80.47,965.64,2
117,10110,15,20030318,75,11,11,3,14,96.37,1349.18,2
118,10110,16,20030318,79,11,11,3,5,35.29,176.45,2
119,10111,1,20030325,19,12,12,3,6,87.33,523.98,5
120,10111,2,20030325,20,12,12,3,5,48.52,242.60,5
121,10111,3,20030325,36,12,12,3,2,53.09,106.18,5
122,10111,4,20030325,38,12,12,3,1,94.25,94.25,5
123,10111,5,20030325,43,12,12,3,4,91.27,365.08,5
124,10111,6,20030325,81,12,12,3,3,85.70,257.10,5
125,10112,1,20030324,2,13,13,3,1,197.16,197.16,5
126,10112,2,20030324,35,13,13,3,2,85.10,170.20,5
127,10113,1,20030326,9,14,14,3,2,121.64,243.28,1
128,10113,2,20030326,17,14,14,3,4,101.50,406.00,1
129,10113,3,20030326,52,14,14,3,3,43.27,129.81,1
130,10113,4,20030326,89,14,14,3,1,58.82,58.82,1
131,10114,1,20030401,6,15,15,3,8,128.53,1028.24,1
132,10114,2,20030401,28,15,15,3,3,106.78,320.34,1
133,10114,3,20030401,30,15,15,3,6,53.48,320.88,1
134,10114,4,20030401,40,15,15,3,4,169.34,677.36,1
135,10114,5,20030401,51,15,15,3,9,105.34,948.06,1
136,10114,6,20030401,64,15,15,3,5,102.23,511.15,1
137,10114,7,20030401,67,15,15,3,1,28.64,28.64,1
138,10114,8,20030401,84,15,15,3,7,88.61,620.27,1
139,10114,9,20030401,87,15,15,3,2,43.83,87.66,1
140,10114,10,20030401,102,15,15,3,10,82.94,829.40,1
141,10115,1,20030404,15,16,16,3,5,111.39,556.95,3
142,10115,2,20030404,26,16,16,3,4,140.81,563.24,3
143,10115,3,20030404,56,16,16,3,2,56.64,113.28,3
144,10115,4,20030404,80,16,16,3,1,106.45,106.45,3
145,10115,5,20030404,93,16,16,3,3,100.70,302.10,3
146,10116,1,20030411,88,17,17,3,1,60.28,60.28,2
147,10117,1,20030416,8,18,18,3,9,195.33,1757.97,1
148,10117,2,20030416,11,18,18,3,10,148.06,1480.60,1
149,10117,3,20030416,13,18,18,3,8,173.02,1384.16,1
150,10117,4,20030416,39,18,18,3,5,121.57,607.85,1
151,10117,5,20030416,41,18,18,3,7,81.68,571.76,1
152,10117,6,20030416,48,18,18,3,12,122.08,1464.96,1
153,10117,7,20030416,50,18,18,3,4,73.73,294.92,1
154,10117,8,20030416,62,18,18,3,3,119.20,357.60,1
155,10117,9,20030416,94,18,18,3,11,55.65,612.15,1
156,10117,10,20030416,98,18,18,3,6,75.35,452.10,1
157,10117,11,20030416,106,18,18,3,1,89.38,89.38,1
158,10117,12,20030416,109,18,18,3,2,52.42,104.84,1
159,10118,1,20030421,105,19,19,3,1,86.15,86.15,5
160,10119,1,20030428,5,20,20,3,11,112.88,1241.68,4
161,10119,2,20030428,22,20,20,3,3,151.38,454.14,4
162,10119,3,20030428,37,20,20,3,9,74.84,673.56,4
163,10119,4,20030428,47,20,20,3,8,95.28,762.24,4
164,10119,5,20030428,68,20,20,3,4,64.40,257.60,4
165,10119,6,20030428,71,20,20,3,13,72.58,943.54,4
166,10119,7,20030428,74,20,20,3,5,63.12,315.60,4
167,10119,8,20030428,76,20,20,3,10,82.18,821.80,4
168,10119,9,20030428,78,20,20,3,2,62.10,124.20,4
169,10119,10,20030428,96,20,20,3,14,57.34,802.76,4
170,10119,11,20030428,99,20,20,3,7,74.23,519.61,4
171,10119,12,20030428,101,20,20,3,12,67.22,806.64,4
172,10119,13,20030428,107,20,20,3,1,63.67,63.67,4
173,10119,14,20030428,108,20,20,3,6,40.22,241.32,4
174,10120,1,20030429,3,21,21,3,3,118.94,356.82,2
175,10120,2,20030429,4,21,21,3,2,158.80,317.60,2
176,10120,3,20030429,31,21,21,3,8,82.79,662.32,2
177,10120,4,20030429,32,21,21,3,4,57.54,230.16,2
178,10120,5,20030429,57,21,21,3,1,110.45,110.45,2
179,10120,6,20030429,59,21,21,3,10,93.01,930.10,2
180,10120,7,20030429,61,21,21,3,5,72.36,361.80,2
181,10120,8,20030429,82,21,21,3,9,71.73,645.57,2
182,10120,9,20030429,85,21,21,3,6,94.90,569.40,2
183,10120,10,20030429,90,21,21,3,11,68.79,756.69,2
184,10120,11,20030429,92,21,21,3,12,41.46,497.52,2
185,10120,12,20030429,97,21,21,3,13,91.34,1187.42,2
186,10120,13,20030429,100,21,21,3,15,81.77,1226.55,2
187,10120,14,20030429,103,21,21,3,7,106.79,747.53,2
188,10120,15,20030429,104,21,21,3,14,72.00,1008.00,2
189,10121,1,20030507,1,22,22,3,5,86.13,430.65,6
190,10121,2,20030507,10,22,22,3,4,126.52,506.08,6
191,10121,3,20030507,65,22,22,3,2,58.18,116.36,6
192,10121,4,20030507,91,22,22,3,3,95.93,287.79,6
193,10121,5,20030507,95,22,22,3,1,72.41,72.41,6
194,10122,1,20030508,7,23,23,3,10,155.66,1556.60,5
195,10122,2,20030508,12,23,23,3,8,113.92,911.36,5
196,10122,3,20030508,14,23,23,3,11,65.44,719.84,5
197,10122,4,20030508,16,23,23,3,7,104.80,733.60,5
198,10122,5,20030508,18,23,23,3,2,114.65,229.30,5
199,10122,6,20030508,24,23,23,3,6,62.37,374.22,5
200,10122,7,20030508,25,23,23,3,1,113.80,113.80,5
201,10122,8,20030508,40,23,23,3,3,137.17,411.51,5
202,10122,9,20030508,42,23,23,3,13,69.15,898.95,5
203,10122,10,20030508,44,23,23,3,12,133.76,1605.12,5
204,10122,11,20030508,46,23,23,3,16,59.06,944.96,5
205,10122,12,20030508,53,23,23,3,15,145.82,2187.30,5
206,10122,13,20030508,70,23,23,3,4,34.74,138.96,5
207,10122,14,20030508,73,23,23,3,9,50.82,457.38,5
208,10122,15,20030508,77,23,23,3,5,136.22,681.10,5
209,10122,16,20030508,83,23,23,3,14,67.10,939.40,5
210,10122,17,20030508,86,23,23,3,17,33.79,574.43,5
211,10123,1,20030520,21,24,1,3,2,120.71,241.42,2
212,10123,2,20030520,34,24,1,3,3,114.84,344.52,2
213,10123,3,20030520,45,24,1,3,4,117.26,469.04,2
214,10123,4,20030520,58,24,1,3,1,43.27,43.27,2
215,10124,1,20030521,23,25,2,3,6,153.00,918.00,4
216,10124,2,20030521,27,25,2,3,5,58.12,290.60,4
217,10124,3,20030521,29,25,2,3,3,111.87,335.61,4
218,10124,4,20030521,49,25,2,3,7,75.46,528.22,4
219,10124,5,20030521,54,25,2,3,8,66.28,530.24,4
220,10124,6,20030521,55,25,2,3,12,62.47,749.64,4
221,10124,7,20030521,60,25,2,3,2,30.53,61.06,4
222,10124,8,20030521,63,25,2,3,1,36.29,36.29,4
223,10124,9,20030521,66,25,2,3,10,74.51,745.10,4
224,10124,10,20030521,69,25,2,3,9,93.95,845.55,4
225,10124,11,20030521,72,25,2,3,11,76.19,838.09,4
226,10124,12,20030521,75,25,2,3,13,101.73,1322.49,4
227,10124,13,20030521,79,25,2,3,4,36.11,144.44,4
228,10125,1,20030521,19,26,3,3,1,89.38,89.38,3
229,10125,2,20030521,33,26,3,3,2,138.38,276.76,3
230,10126,1,20030528,2,27,4,3,11,205.73,2263.03,5
231,10126,2,20030528,6,27,4,3,4,122.62,490.48,5
232,10126,3,20030528,9,27,4,3,8,135.30,1082.40,5
233,10126,4,20030528,17,27,4,3,10,116.67,1166.70,5
234,10126,5,20030528,20,27,4,3,17,51.21,870.57,5
235,10126,6,20030528,30,27,4,3,2,51.05,102.10,5
236,10126,7,20030528,35,27,4,3,12,93.21,1118.52,5
237,10126,8,20030528,36,27,4,3,14,61.84,865.76,5
238,10126,9,20030528,38,27,4,3,13,93.20,1211.60,5
239,10126,10,20030528,43,27,4,3,16,94.25,1508.00,5
240,10126,11,20030528,51,27,4,3,5,102.92,514.60,5
241,10126,12,20030528,52,27,4,3,9,47.29,425.61,5
242,10126,13,20030528,64,27,4,3,1,122.68,122.68,5
243,10126,14,20030528,81,27,4,3,15,83.76,1256.40,5
244,10126,15,20030528,84,27,4,3,3,82.83,248.49,5
245,10126,16,20030528,89,27,4,3,7,62.05,434.35,5
246,10126,17,20030528,102,27,4,3,6,97.10,582.60,5
247,10127,1,20030603,8,28,5,3,2,193.25,386.50,3
248,10127,2,20030603,11,28,5,3,3,140.50,421.50,3
249,10127,3,20030603,13,28,5,3,1,169.56,169.56,3
250,10127,4,20030603,15,28,5,3,11,100.73,1108.03,3
251,10127,5,20030603,26,28,5,3,10,140.81,1408.10,3
252,10127,6,20030603,28,28,5,3,14,114.14,1597.96,3
253,10127,7,20030603,40,28,5,3,15,149.02,2235.30,3
254,10127,8,20030603,48,28,5,3,5,126.39,631.95,3
255,10127,9,20030603,56,28,5,3,8,50.86,406.88,3
256,10127,10,20030603,67,28,5,3,12,34.30,411.60,3
257,10127,11,20030603,80,28,5,3,7,107.63,753.41,3
258,10127,12,20030603,87,28,5,3,13,46.53,604.89,3
259,10127,13,20030603,88,28,5,3,6,60.90,365.40,3
260,10127,14,20030603,93,28,5,3,9,111.12,1000.08,3
261,10127,15,20030603,94,28,5,3,4,55.65,222.60,3
262,10128,1,20030606,39,29,6,3,2,120.20,240.40,5
263,10128,2,20030606,41,29,6,3,4,80.67,322.68,5
264,10128,3,20030606,50,29,6,3,1,77.24,77.24,5
265,10128,4,20030606,98,29,6,3,3,72.75,218.25,5
266,10129,1,20030612,5,30,7,3,2,123.76,247.52,2
267,10129,2,20030612,62,30,7,3,9,113.06,1017.54,2
268,10129,3,20030612,71,30,7,3,4,81.43,325.72,2
269,10129,4,20030612,76,30,7,3,1,76.31,76.31,2
270,10129,5,20030612,96,30,7,3,5,58.67,293.35,2
271,10129,6,20030612,101,30,7,3,3,72.28,216.84,2
272,10129,7,20030612,105,30,7,3,6,90.15,540.90,2
273,10129,8,20030612,106,30,7,3,7,94.34,660.38,2
274,10129,9,20030612,109,30,7,3,8,44.23,353.84,2
275,10130,1,20030616,37,31,8,3,2,68.82,137.64,5
276,10130,2,20030616,47,31,8,3,1,99.52,99.52,5
277,10131,1,20030616,22,32,9,3,4,141.92,567.68,5
278,10131,2,20030616,68,32,9,3,5,60.97,304.85,5
279,10131,3,20030616,74,32,9,3,6,52.60,315.60,5
280,10131,4,20030616,78,32,9,3,3,54.59,163.77,5
281,10131,5,20030616,99,32,9,3,8,76.94,615.52,5
282,10131,6,20030616,100,32,9,3,1,86.76,86.76,5
283,10131,7,20030616,107,32,9,3,2,63.67,127.34,5
284,10131,8,20030616,108,32,9,3,7,40.22,281.54,5
285,10132,1,20030625,104,33,10,3,1,80.00,80.00,3
286,10133,1,20030627,31,34,11,3,3,80.26,240.78,6
287,10133,2,20030627,59,34,11,3,5,109.42,547.10,6
288,10133,3,20030627,82,34,11,3,4,61.58,246.32,6
289,10133,4,20030627,85,34,11,3,1,80.91,80.91,6
290,10133,5,20030627,90,34,11,3,6,67.41,404.46,6
291,10133,6,20030627,92,34,11,3,7,37.09,259.63,6
292,10133,7,20030627,97,34,11,3,8,76.73,613.84,6
293,10133,8,20030627,103,34,11,3,2,115.09,230.18,6
294,10134,1,20030701,1,35,12,3,2,90.92,181.84,4
295,10134,2,20030701,3,35,12,3,5,116.56,582.80,4
296,10134,3,20030701,4,35,12,3,4,187.85,751.40,4
297,10134,4,20030701,10,35,12,3,1,131.04,131.04,4
298,10134,5,20030701,32,35,12,3,6,51.48,308.88,4
299,10134,6,20030701,57,35,12,3,3,94.67,284.01,4
300,10134,7,20030701,61,35,12,3,7,75.41,527.87,4
301,10135,1,20030702,7,36,13,3,7,173.17,1212.19,1
302,10135,2,20030702,12,36,13,3,5,110.39,551.95,1
303,10135,3,20030702,14,36,13,3,8,72.62,580.96,1
304,10135,4,20030702,16,36,13,3,4,103.64,414.56,1
305,10135,5,20030702,24,36,13,3,3,66.99,200.97,1
306,10135,6,20030702,42,36,13,3,10,65.94,659.40,1
307,10135,7,20030702,44,36,13,3,9,139.64,1256.76,1
308,10135,8,20030702,46,36,13,3,13,49.74,646.62,1
309,10135,9,20030702,53,36,13,3,12,133.92,1607.04,1
310,10135,10,20030702,65,36,13,3,16,67.18,1074.88,1
311,10135,11,20030702,70,36,13,3,1,34.36,34.36,1
312,10135,12,20030702,73,36,13,3,6,52.05,312.30,1
313,10135,13,20030702,77,36,13,3,2,139.03,278.06,1
314,10135,14,20030702,83,36,13,3,11,76.80,844.80,1
315,10135,15,20030702,86,36,13,3,14,38.62,540.68,1
316,10135,16,20030702,91,36,13,3,17,91.85,1561.45,1
317,10135,17,20030702,95,36,13,3,15,78.92,1183.80,1
318,10136,1,20030704,18,37,14,3,2,117.48,234.96,2
319,10136,2,20030704,25,37,14,3,1,120.91,120.91,2
320,10136,3,20030704,40,37,14,3,3,169.34,508.02,2
321,10137,1,20030710,21,38,15,3,2,115.73,231.46,4
322,10137,2,20030710,34,38,15,3,3,110.88,332.64,4
323,10137,3,20030710,45,38,15,3,4,118.68,474.72,4
324,10137,4,20030710,58,38,15,3,1,40.25,40.25,4
325,10138,1,20030707,23,39,16,3,6,149.60,897.60,6
326,10138,2,20030707,27,39,16,3,5,51.46,257.30,6
327,10138,3,20030707,29,39,16,3,3,114.42,343.26,6
328,10138,4,20030707,49,39,16,3,7,79.15,554.05,6
329,10138,5,20030707,54,39,16,3,8,64.86,518.88,6
330,10138,6,20030707,55,39,16,3,12,59.53,714.36,6
331,10138,7,20030707,60,39,16,3,2,33.19,66.38,6
332,10138,8,20030707,63,39,16,3,1,38.53,38.53,6
333,10138,9,20030707,66,39,16,3,10,73.60,736.00,6
334,10138,10,20030707,69,39,16,3,9,96.30,866.70,6
335,10138,11,20030707,72,39,16,3,11,77.05,847.55,6
336,10138,12,20030707,75,39,16,3,13,99.58,1294.54,6
337,10138,13,20030707,79,39,16,3,4,32.82,131.28,6
338,10139,1,20030716,19,40,17,3,7,89.38,625.66,5
339,10139,2,20030716,20,40,17,3,6,52.83,316.98,5
340,10139,3,20030716,33,40,17,3,8,151.88,1215.04,5
341,10139,4,20030716,35,40,17,3,1,91.18,91.18,5
342,10139,5,20030716,36,40,17,3,3,52.47,157.41,5
343,10139,6,20030716,38,40,17,3,2,101.58,203.16,5
344,10139,7,20030716,43,40,17,3,5,81.35,406.75,5
345,10139,8,20030716,81,40,17,3,4,93.49,373.96,5
346,10140,1,20030724,2,41,18,3,11,186.44,2050.84,6
347,10140,2,20030724,6,41,18,3,4,131.49,525.96,6
348,10140,3,20030724,9,41,18,3,8,118.90,951.20,6
349,10140,4,20030724,17,41,18,3,10,95.67,956.70,6
350,10140,5,20030724,30,41,18,3,2,51.05,102.10,6
351,10140,6,20030724,51,41,18,3,5,100.50,502.50,6
352,10140,7,20030724,52,41,18,3,9,40.25,362.25,6
353,10140,8,20030724,64,41,18,3,1,118.84,118.84,6
354,10140,9,20030724,84,41,18,3,3,87.64,262.92,6
355,10140,10,20030724,89,41,18,3,7,62.05,434.35,6
356,10140,11,20030724,102,41,18,3,6,101.15,606.90,6
357,10141,1,20030801,15,42,19,3,5,114.95,574.75,3
358,10141,2,20030801,26,42,19,3,4,160.46,641.84,3
359,10141,3,20030801,28,42,19,3,8,103.09,824.72,3
360,10141,4,20030801,40,42,19,3,9,143.94,1295.46,3
361,10141,5,20030801,56,42,19,3,2,50.86,101.72,3
362,10141,6,20030801,67,42,19,3,6,32.18,193.08,3
363,10141,7,20030801,80,42,19,3,1,104.09,104.09,3
364,10141,8,20030801,87,42,19,3,7,53.03,371.21,3
365,10141,9,20030801,93,42,19,3,3,94.92,284.76,3
366,10142,1,20030808,8,43,20,3,12,166.24,1994.88,5
367,10142,2,20030808,11,43,20,3,13,140.50,1826.50,5
368,10142,3,20030808,13,43,20,3,11,167.83,1846.13,5
369,10142,4,20030808,39,43,20,3,8,129.76,1038.08,5
370,10142,5,20030808,41,43,20,3,10,95.80,958.00,5
371,10142,6,20030808,48,43,20,3,15,122.08,1831.20,5
372,10142,7,20030808,50,43,20,3,7,79.87,559.09,5
373,10142,8,20030808,62,43,20,3,6,114.29,685.74,5
374,10142,9,20030808,71,43,20,3,1,74.35,74.35,5
375,10142,10,20030808,88,43,20,3,16,60.90,974.40,5
376,10142,11,20030808,94,43,20,3,14,56.24,787.36,5
377,10142,12,20030808,96,43,20,3,2,55.34,110.68,5
378,10142,13,20030808,98,43,20,3,9,77.08,693.72,5
379,10142,14,20030808,105,43,20,3,3,92.16,276.48,5
380,10142,15,20030808,106,43,20,3,4,91.37,365.48,5
381,10142,16,20030808,109,43,20,3,5,46.96,234.80,5
382,10143,1,20030810,5,44,21,3,15,133.28,1999.20,2
383,10143,2,20030810,22,44,21,3,7,126.15,883.05,2
384,10143,3,20030810,37,44,21,3,13,70.54,917.02,2
385,10143,4,20030810,47,44,21,3,12,99.52,1194.24,2
386,10143,5,20030810,68,44,21,3,8,63.71,509.68,2
387,10143,6,20030810,74,44,21,3,9,59.83,538.47,2
388,10143,7,20030810,76,44,21,3,14,74.64,1044.96,2
389,10143,8,20030810,78,44,21,3,6,55.96,335.76,2
390,10143,9,20030810,92,44,21,3,1,34.91,34.91,2
391,10143,10,20030810,97,44,21,3,2,86.77,173.54,2
392,10143,11,20030810,99,44,21,3,11,87.80,965.80,2
393,10143,12,20030810,100,44,21,3,4,79.78,319.12,2
394,10143,13,20030810,101,44,21,3,16,69.39,1110.24,2
395,10143,14,20030810,104,44,21,3,3,70.40,211.20,2
396,10143,15,20030810,107,44,21,3,5,65.15,325.75,2
397,10143,16,20030810,108,44,21,3,10,49.66,496.60,2
398,10144,1,20030813,90,45,22,3,1,56.41,56.41,1
399,10145,1,20030825,1,46,23,3,6,76.56,459.36,6
400,10145,2,20030825,3,46,23,3,9,104.67,942.03,6
401,10145,3,20030825,4,46,23,3,8,154.93,1239.44,6
402,10145,4,20030825,10,46,23,3,5,146.10,730.50,6
403,10145,5,20030825,31,46,23,3,14,71.81,1005.34,6
404,10145,6,20030825,32,46,23,3,10,52.70,527.00,6
405,10145,7,20030825,57,46,23,3,7,103.68,725.76,6
406,10145,8,20030825,59,46,23,3,16,87.54,1400.64,6
407,10145,9,20030825,61,46,23,3,11,63.98,703.78,6
408,10145,10,20030825,65,46,23,3,3,56.10,168.30,6
409,10145,11,20030825,82,46,23,3,15,71.73,1075.95,6
410,10145,12,20030825,85,46,23,3,12,99.89,1198.68,6
411,10145,13,20030825,86,46,23,3,1,39.43,39.43,6
412,10145,14,20030825,91,46,23,3,4,95.93,383.72,6
413,10145,15,20030825,95,46,23,3,2,73.22,146.44,6
414,10145,16,20030825,103,46,23,3,13,113.90,1480.70,6
415,10146,1,20030903,46,47,1,3,2,60.30,120.60,3
416,10146,2,20030903,53,47,1,3,1,130.94,130.94,3
417,10147,1,20030905,7,48,2,3,7,161.49,1130.43,4
418,10147,2,20030905,12,48,2,3,5,110.39,551.95,4
419,10147,3,20030905,14,48,2,3,8,74.21,593.68,4
420,10147,4,20030905,16,48,2,3,4,97.89,391.56,4
421,10147,5,20030905,24,48,2,3,3,70.84,212.52,4
422,10147,6,20030905,42,48,2,3,10,74.78,747.80,4
423,10147,7,20030905,44,48,2,3,9,129.35,1164.15,4
424,10147,8,20030905,70,48,2,3,1,33.23,33.23,4
425,10147,9,20030905,73,48,2,3,6,48.98,293.88,4
426,10147,10,20030905,77,48,2,3,2,123.58,247.16,4
427,10147,11,20030905,83,48,2,3,11,72.76,800.36,4
428,10148,1,20030911,18,49,3,3,13,114.65,1490.45,4
429,10148,2,20030911,21,49,3,3,9,108.26,974.34,4
430,10148,3,20030911,25,49,3,3,12,136.56,1638.72,4
431,10148,4,20030911,34,49,3,3,10,113.52,1135.20,4
432,10148,5,20030911,40,49,3,3,14,143.94,2015.16,4
433,10148,6,20030911,45,49,3,3,11,135.63,1491.93,4
434,10148,7,20030911,49,49,3,3,1,83.75,83.75,4
435,10148,8,20030911,54,49,3,3,2,66.28,132.56,4
436,10148,9,20030911,55,49,3,3,6,65.41,392.46,4
437,10148,10,20030911,58,49,3,3,8,46.29,370.32,4
438,10148,11,20030911,66,49,3,3,4,77.24,308.96,4
439,10148,12,20030911,69,49,3,3,3,115.09,345.27,4
440,10148,13,20030911,72,49,3,3,5,71.91,359.55,4
441,10148,14,20030911,75,49,3,3,7,96.37,674.59,4
442,10149,1,20030912,19,50,4,3,4,87.33,349.32,5
443,10149,2,20030912,20,50,4,3,3,48.52,145.56,5
444,10149,3,20030912,23,50,4,3,11,156.40,1720.40,5
445,10149,4,20030912,27,50,4,3,10,50.85,508.50,5
446,10149,5,20030912,29,50,4,3,8,125.86,1006.88,5
447,10149,6,20030912,33,50,4,3,5,167.06,835.30,5
448,10149,7,20030912,43,50,4,3,2,89.29,178.58,5
449,10149,8,20030912,60,50,4,3,7,31.20,218.40,5
450,10149,9,20030912,63,50,4,3,6,39.87,239.22,5
451,10149,10,20030912,79,50,4,3,9,38.57,347.13,5
452,10149,11,20030912,81,50,4,3,1,90.57,90.57,5
453,10150,1,20030919,2,51,5,3,8,182.16,1457.28,2
454,10150,2,20030919,6,51,5,3,1,121.15,121.15,2
455,10150,3,20030919,9,51,5,3,5,135.30,676.50,2
456,10150,4,20030919,17,51,5,3,7,95.67,669.69,2
457,10150,5,20030919,35,51,5,3,9,93.21,838.89,2
458,10150,6,20030919,36,51,5,3,11,56.21,618.31,2
459,10150,7,20030919,38,51,5,3,10,97.39,973.90,2
460,10150,8,20030919,51,51,5,3,2,111.39,222.78,2
461,10150,9,20030919,52,51,5,3,6,47.29,283.74,2
462,10150,10,20030919,89,51,5,3,4,62.05,248.20,2
463,10150,11,20030919,102,51,5,3,3,95.08,285.24,2
464,10151,1,20030921,15,52,6,3,3,114.95,344.85,3
465,10151,2,20030921,26,52,6,3,2,152.27,304.54,3
466,10151,3,20030921,28,52,6,3,6,106.78,640.68,3
467,10151,4,20030921,30,52,6,3,9,58.34,525.06,3
468,10151,5,20030921,40,52,6,3,7,167.65,1173.55,3
469,10151,6,20030921,64,52,6,3,8,109.90,879.20,3
470,10151,7,20030921,67,52,6,3,4,29.35,117.40,3
471,10151,8,20030921,84,52,6,3,10,84.75,847.50,3
472,10151,9,20030921,87,52,6,3,5,43.29,216.45,3
473,10151,10,20030921,93,52,6,3,1,108.81,108.81,3
474,10152,1,20030925,48,53,7,3,1,117.77,117.77,6
475,10152,2,20030925,56,53,7,3,4,49.13,196.52,6
476,10152,3,20030925,80,53,7,3,3,112.37,337.11,6
477,10152,4,20030925,88,53,7,3,2,57.17,114.34,6
478,10153,1,20030928,8,54,8,3,11,201.57,2217.27,5
479,10153,2,20030928,11,54,8,3,12,128.42,1541.04,5
480,10153,3,20030928,13,54,8,3,10,155.72,1557.20,5
481,10153,4,20030928,39,54,8,3,7,125.66,879.62,5
482,10153,5,20030928,41,54,8,3,9,82.69,744.21,5
483,10153,6,20030928,50,54,8,3,6,82.50,495.00,5
484,10153,7,20030928,62,54,8,3,5,111.83,559.15,5
485,10153,8,20030928,94,54,8,3,13,53.31,693.03,5
486,10153,9,20030928,96,54,8,3,1,58.00,58.00,5
487,10153,10,20030928,98,54,8,3,8,80.55,644.40,5
488,10153,11,20030928,105,54,8,3,2,87.15,174.30,5
489,10153,12,20030928,106,54,8,3,3,85.41,256.23,5
490,10153,13,20030928,109,54,8,3,4,51.87,207.48,5
491,10154,1,20031002,71,55,9,3,2,75.23,150.46,6
492,10154,2,20031002,101,55,9,3,1,59.27,59.27,6
493,10155,1,20031006,5,56,10,3,13,129.20,1679.60,1
494,10155,2,20031006,22,56,10,3,5,138.77,693.85,1
495,10155,3,20031006,37,56,10,3,11,83.44,917.84,1
496,10155,4,20031006,47,56,10,3,10,105.87,1058.70,1
497,10155,5,20031006,68,56,10,3,6,62.34,374.04,1
498,10155,6,20031006,74,56,10,3,7,56.55,395.85,1
499,10155,7,20031006,76,56,10,3,12,76.31,915.72,1
500,10155,8,20031006,78,56,10,3,4,58.69,234.76,1
501,10155,9,20031006,99,56,10,3,9,89.61,806.49,1
502,10155,10,20031006,100,56,10,3,2,87.75,175.50,1
503,10155,11,20031006,104,56,10,3,1,76.80,76.80,1
504,10155,12,20031006,107,56,10,3,3,70.33,210.99,1
505,10155,13,20031006,108,56,10,3,8,49.16,393.28,1
506,10156,1,20031008,92,57,11,3,1,43.64,43.64,3
507,10156,2,20031008,97,57,11,3,2,77.64,155.28,3
508,10157,1,20031009,31,58,12,3,3,69.27,207.81,5
509,10157,2,20031009,59,58,12,3,5,89.72,448.60,5
510,10157,3,20031009,82,58,12,3,4,66.65,266.60,5
511,10157,4,20031009,85,58,12,3,1,83.91,83.91,5
512,10157,5,20031009,90,58,12,3,6,56.41,338.46,5
513,10157,6,20031009,103,58,12,3,2,109.16,218.32,5
514,10158,1,20031010,61,59,13,3,1,67.79,67.79,5
515,10159,1,20031010,1,60,14,3,14,81.35,1138.90,6
516,10159,2,20031010,3,60,14,3,17,101.10,1718.70,6
517,10159,3,20031010,4,60,14,3,16,170.42,2726.72,6
518,10159,4,20031010,7,60,14,3,2,188.73,377.46,6
519,10159,5,20031010,10,60,14,3,13,131.04,1703.52,6
520,10159,6,20031010,14,60,14,3,3,67.03,201.09,6
521,10159,7,20031010,32,60,14,3,18,51.48,926.64,6
522,10159,8,20031010,42,60,14,3,5,66.74,333.70,6
523,10159,9,20031010,44,60,14,3,4,129.35,517.40,6
524,10159,10,20031010,46,60,14,3,8,54.71,437.68,6
525,10159,11,20031010,53,60,14,3,7,142.85,999.95,6
526,10159,12,20031010,57,60,14,3,15,100.30,1504.50,6
527,10159,13,20031010,65,60,14,3,11,67.18,738.98,6
528,10159,14,20031010,73,60,14,3,1,49.60,49.60,6
529,10159,15,20031010,83,60,14,3,6,80.84,485.04,6
530,10159,16,20031010,86,60,14,3,9,39.43,354.87,6
531,10159,17,20031010,91,60,14,3,12,86.74,1040.88,6
532,10159,18,20031010,95,60,14,3,10,78.11,781.10,6
533,10160,1,20031011,12,61,15,3,6,96.30,577.80,6
534,10160,2,20031011,16,61,15,3,5,93.28,466.40,6
535,10160,3,20031011,24,61,15,3,4,70.84,283.36,6
536,10160,4,20031011,40,61,15,3,1,140.55,140.55,6
537,10160,5,20031011,70,61,15,3,2,30.59,61.18,6
538,10160,6,20031011,77,61,15,3,3,130.60,391.80,6
539,10161,1,20031017,18,62,16,3,12,121.72,1460.64,3
540,10161,2,20031017,21,62,16,3,8,102.04,816.32,3
541,10161,3,20031017,25,62,16,3,11,139.41,1533.51,3
542,10161,4,20031017,34,62,16,3,9,125.40,1128.60,3
543,10161,5,20031017,45,62,16,3,10,132.80,1328.00,3
544,10161,6,20031017,54,62,16,3,1,62.72,62.72,3
545,10161,7,20031017,55,62,16,3,5,73.49,367.45,3
546,10161,8,20031017,58,62,16,3,7,47.29,331.03,3
547,10161,9,20031017,66,62,16,3,3,82.69,248.07,3
548,10161,10,20031017,69,62,16,3,2,108.04,216.08,3
549,10161,11,20031017,72,62,16,3,4,72.77,291.08,3
550,10161,12,20031017,75,62,16,3,6,94.23,565.38,3
551,10162,1,20031018,19,63,17,3,2,87.33,174.66,1
552,10162,2,20031018,20,63,17,3,1,45.28,45.28,1
553,10162,3,20031018,23,63,17,3,9,141.10,1269.90,1
554,10162,4,20031018,27,63,17,3,8,53.28,426.24,1
555,10162,5,20031018,29,63,17,3,6,113.15,678.90,1
556,10162,6,20031018,33,63,17,3,3,156.94,470.82,1
557,10162,7,20031018,49,63,17,3,10,86.51,865.10,1
558,10162,8,20031018,60,63,17,3,5,27.55,137.75,1
559,10162,9,20031018,63,63,17,3,4,38.98,155.92,1
560,10162,10,20031018,79,63,17,3,7,32.82,229.74,1
561,10163,1,20031020,2,64,18,3,1,212.16,212.16,4
562,10163,2,20031020,35,64,18,3,2,101.31,202.62,4
563,10163,3,20031020,36,64,18,3,4,59.96,239.84,4
564,10163,4,20031020,38,64,18,3,3,101.58,304.74,4
565,10163,5,20031020,43,64,18,3,6,80.36,482.16,4
566,10163,6,20031020,81,64,18,3,5,96.42,482.10,4
567,10164,1,20031021,6,65,19,2,2,143.31,286.62,2
568,10164,2,20031021,9,65,19,2,6,121.64,729.84,2
569,10164,3,20031021,17,65,19,2,8,103.84,830.72,2
570,10164,4,20031021,51,65,19,2,3,107.76,323.28,2
571,10164,5,20031021,52,65,19,2,7,46.29,324.03,2
572,10164,6,20031021,84,65,19,2,1,91.49,91.49,2
573,10164,7,20031021,89,65,19,2,5,57.53,287.65,2
574,10164,8,20031021,102,65,19,2,4,86.99,347.96,2
575,10165,1,20031022,8,66,20,3,3,168.32,504.96,65
576,10165,2,20031022,11,66,20,3,4,123.89,495.56,65
577,10165,3,20031022,13,66,20,3,2,152.26,304.52,65
578,10165,4,20031022,15,66,20,3,12,109.02,1308.24,65
579,10165,5,20031022,26,66,20,3,11,134.26,1476.86,65
580,10165,6,20031022,28,66,20,3,15,120.28,1804.20,65
581,10165,7,20031022,30,66,20,3,18,60.77,1093.86,65
582,10165,8,20031022,40,66,20,3,16,154.10,2465.60,65
583,10165,9,20031022,41,66,20,3,1,84.71,84.71,65
584,10165,10,20031022,48,66,20,3,6,123.51,741.06,65
585,10165,11,20031022,56,66,20,3,9,46.82,421.38,65
586,10165,12,20031022,64,66,20,3,17,117.57,1998.69,65
587,10165,13,20031022,67,66,20,3,13,31.12,404.56,65
588,10165,14,20031022,80,66,20,3,8,106.45,851.60,65
589,10165,15,20031022,87,66,20,3,14,50.86,712.04,65
590,10165,16,20031022,88,66,20,3,7,55.30,387.10,65
591,10165,17,20031022,93,66,20,3,10,106.49,1064.90,65
592,10165,18,20031022,94,66,20,3,5,49.21,246.05,65
593,10166,1,20031021,39,67,21,3,2,136.59,273.18,6
594,10166,2,20031021,50,67,21,3,1,72.85,72.85,6
595,10166,3,20031021,98,67,21,3,3,76.22,228.66,6
596,10167,1,20031023,5,68,22,1,9,123.76,1113.84,4
597,10167,2,20031023,22,68,22,1,1,141.92,141.92,4
598,10167,3,20031023,37,68,22,1,7,69.68,487.76,4
599,10167,4,20031023,47,68,22,1,6,84.70,508.20,4
600,10167,5,20031023,62,68,22,1,16,110.60,1769.60,4
601,10167,6,20031023,68,68,22,1,2,54.81,109.62,4
602,10167,7,20031023,71,68,22,1,11,77.00,847.00,4
603,10167,8,20031023,74,68,22,1,3,64.44,193.32,4
604,10167,9,20031023,76,68,22,1,8,73.80,590.40,4
605,10167,10,20031023,96,68,22,1,12,66.00,792.00,4
606,10167,11,20031023,99,68,22,1,5,87.80,439.00,4
607,10167,12,20031023,101,68,22,1,10,62.16,621.60,4
608,10167,13,20031023,105,68,22,1,13,85.14,1106.82,4
609,10167,14,20031023,106,68,22,1,14,83.42,1167.88,4
610,10167,15,20031023,108,68,22,1,4,42.71,170.84,4
611,10167,16,20031023,109,68,22,1,15,43.68,655.20,4
612,10168,1,20031028,1,69,23,3,1,94.74,94.74,4
613,10168,2,20031028,3,69,23,3,4,97.53,390.12,4
614,10168,3,20031028,4,69,23,3,3,160.74,482.22,4
615,10168,4,20031028,31,69,23,3,9,75.19,676.71,4
616,10168,5,20031028,32,69,23,3,5,49.06,245.30,4
617,10168,6,20031028,57,69,23,3,2,103.68,207.36,4
618,10168,7,20031028,59,69,23,3,11,93.01,1023.11,4
619,10168,8,20031028,61,69,23,3,6,72.36,434.16,4
620,10168,9,20031028,78,69,23,3,18,57.32,1031.76,4
621,10168,10,20031028,82,69,23,3,10,68.10,681.00,4
622,10168,11,20031028,85,69,23,3,7,89.90,629.30,4
623,10168,12,20031028,90,69,23,3,12,57.78,693.36,4
624,10168,13,20031028,92,69,23,3,13,39.71,516.23,4
625,10168,14,20031028,97,69,23,3,14,91.34,1278.76,4
626,10168,15,20031028,100,69,23,3,16,87.75,1404.00,4
627,10168,16,20031028,103,69,23,3,8,94.92,759.36,4
628,10168,17,20031028,104,69,23,3,15,72.00,1080.00,4
629,10168,18,20031028,107,69,23,3,17,67.37,1145.29,4
630,10169,1,20031104,7,70,1,3,2,163.44,326.88,5
631,10169,2,20031104,10,70,1,3,13,126.52,1644.76,5
632,10169,3,20031104,14,70,1,3,3,71.82,215.46,5
633,10169,4,20031104,42,70,1,3,5,65.13,325.65,5
634,10169,5,20031104,44,70,1,3,4,136.70,546.80,5
635,10169,6,20031104,46,70,1,3,8,52.84,422.72,5
636,10169,7,20031104,53,70,1,3,7,120.53,843.71,5
637,10169,8,20031104,65,70,1,3,11,66.49,731.39,5
638,10169,9,20031104,73,70,1,3,1,53.27,53.27,5
639,10169,10,20031104,83,70,1,3,6,77.61,465.66,5
640,10169,11,20031104,86,70,1,3,9,37.01,333.09,5
641,10169,12,20031104,91,70,1,3,12,83.68,1004.16,5
642,10169,13,20031104,95,70,1,3,10,75.66,756.60,5
643,10170,1,20031104,12,71,2,3,4,116.27,465.08,3
644,10170,2,20031104,16,71,2,3,3,93.28,279.84,3
645,10170,3,20031104,24,71,2,3,2,70.07,140.14,3
646,10170,4,20031104,77,71,2,3,1,130.60,130.60,3
647,10171,1,20031105,18,72,3,3,2,134.46,268.92,2
648,10171,2,20031105,25,72,3,3,1,128.03,128.03,2
649,10171,3,20031105,40,72,3,3,3,165.95,497.85,2
650,10171,4,20031105,70,72,3,3,4,34.74,138.96,2
651,10172,1,20031105,21,73,4,3,6,109.51,657.06,6
652,10172,2,20031105,34,73,4,3,7,117.48,822.36,6
653,10172,3,20031105,45,73,4,3,8,139.87,1118.96,6
654,10172,4,20031105,55,73,4,3,3,61.00,183.00,6
655,10172,5,20031105,58,73,4,3,5,43.27,216.35,6
656,10172,6,20031105,66,73,4,3,1,79.97,79.97,6
657,10172,7,20031105,72,73,4,3,2,77.91,155.82,6
658,10172,8,20031105,75,73,4,3,4,87.81,351.24,6
659,10173,1,20031105,19,74,5,3,6,101.71,610.26,4
660,10173,2,20031105,20,74,5,3,5,51.75,258.75,4
661,10173,3,20031105,23,74,5,3,13,168.30,2187.90,4
662,10173,4,20031105,27,74,5,3,12,55.09,661.08,4
663,10173,5,20031105,29,74,5,3,10,127.13,1271.30,4
664,10173,6,20031105,33,74,5,3,7,140.06,980.42,4
665,10173,7,20031105,36,74,5,3,2,56.84,113.68,4
666,10173,8,20031105,38,74,5,3,1,86.92,86.92,4
667,10173,9,20031105,43,74,5,3,4,90.28,361.12,4
668,10173,10,20031105,49,74,5,3,14,77.31,1082.34,4
669,10173,11,20031105,54,74,5,3,15,58.44,876.60,4
670,10173,12,20031105,60,74,5,3,9,29.87,268.83,4
671,10173,13,20031105,63,74,5,3,8,39.42,315.36,4
672,10173,14,20031105,69,74,5,3,16,98.65,1578.40,4
673,10173,15,20031105,79,74,5,3,11,35.70,392.70,4
674,10173,16,20031105,81,74,5,3,3,93.49,280.47,4
675,10174,1,20031106,2,75,6,3,4,207.87,831.48,4
676,10174,2,20031106,9,75,6,3,1,113.44,113.44,4
677,10174,3,20031106,17,75,6,3,3,108.50,325.50,4
678,10174,4,20031106,35,75,6,3,5,100.30,501.50,4
679,10174,5,20031106,52,75,6,3,2,44.27,88.54,4
680,10175,1,20031106,6,76,7,3,9,119.67,1077.03,3
681,10175,2,20031106,15,76,7,3,1,109.02,109.02,3
682,10175,3,20031106,28,76,7,3,4,101.87,407.48,3
683,10175,4,20031106,30,76,7,3,7,59.55,416.85,3
684,10175,5,20031106,40,76,7,3,5,150.71,753.55,3
685,10175,6,20031106,51,76,7,3,10,102.92,1029.20,3
686,10175,7,20031106,64,76,7,3,6,121.40,728.40,3
687,10175,8,20031106,67,76,7,3,2,32.18,64.36,3
688,10175,9,20031106,84,76,7,3,8,89.57,716.56,3
689,10175,10,20031106,87,76,7,3,3,50.86,152.58,3
690,10175,11,20031106,89,76,7,3,12,56.24,674.88,3
691,10175,12,20031106,102,76,7,3,11,80.92,890.12,3
692,10176,1,20031106,8,77,8,3,2,166.24,332.48,6
693,10176,2,20031106,11,77,8,3,3,145.04,435.12,6
694,10176,3,20031106,13,77,8,3,1,160.91,160.91,6
695,10176,4,20031106,26,77,8,3,10,139.17,1391.70,6
696,10176,5,20031106,48,77,8,3,5,140.75,703.75,6
697,10176,6,20031106,56,77,8,3,8,55.49,443.92,6
698,10176,7,20031106,80,77,8,3,7,101.72,712.04,6
699,10176,8,20031106,88,77,8,3,6,62.14,372.84,6
700,10176,9,20031106,93,77,8,3,9,109.96,989.64,6
701,10176,10,20031106,94,77,8,3,4,52.14,208.56,6
702,10177,1,20031107,39,78,9,3,9,113.37,1020.33,5
703,10177,2,20031107,41,78,9,3,11,92.77,1020.47,5
704,10177,3,20031107,50,78,9,3,8,82.50,660.00,5
705,10177,4,20031107,62,78,9,3,7,115.52,808.64,5
706,10177,5,20031107,71,78,9,3,2,79.66,159.32,5
707,10177,6,20031107,96,78,9,3,3,58.67,176.01,5
708,10177,7,20031107,98,78,9,3,10,77.95,779.50,5
709,10177,8,20031107,101,78,9,3,1,64.33,64.33,5
710,10177,9,20031107,105,78,9,3,4,88.15,352.60,5
711,10177,10,20031107,106,78,9,3,5,83.42,417.10,5
712,10177,11,20031107,109,78,9,3,6,52.96,317.76,5
713,10178,1,20031108,5,79,10,3,12,131.92,1583.04,2
714,10178,2,20031108,22,79,10,3,4,127.73,510.92,2
715,10178,3,20031108,37,79,10,3,10,70.54,705.40,2
716,10178,4,20031108,47,79,10,3,9,104.81,943.29,2
717,10178,5,20031108,68,79,10,3,5,67.82,339.10,2
718,10178,6,20031108,74,79,10,3,6,65.75,394.50,2
719,10178,7,20031108,76,79,10,3,11,68.77,756.47,2
720,10178,8,20031108,78,79,10,3,3,64.15,192.45,2
721,10178,9,20031108,99,79,10,3,8,86.90,695.20,2
722,10178,10,20031108,100,79,10,3,1,91.74,91.74,2
723,10178,11,20031108,107,79,10,3,2,68.11,136.22,2
724,10178,12,20031108,108,79,10,3,7,41.71,291.97,2
725,10179,1,20031111,31,80,11,1,3,82.79,248.37,2
726,10179,2,20031111,59,80,11,1,5,105.04,525.20,2
727,10179,3,20031111,82,80,11,1,4,66.65,266.60,2
728,10179,4,20031111,85,80,11,1,1,86.90,86.90,2
729,10179,5,20031111,90,80,11,1,6,63.97,383.82,2
730,10179,6,20031111,92,80,11,1,7,43.20,302.40,2
731,10179,7,20031111,97,80,11,1,8,75.81,606.48,2
732,10179,8,20031111,103,80,11,1,2,98.48,196.96,2
733,10179,9,20031111,104,80,11,1,9,80.00,720.00,2
734,10180,1,20031111,1,81,12,3,9,76.56,689.04,3
735,10180,2,20031111,3,81,12,3,12,99.91,1198.92,3
736,10180,3,20031111,4,81,12,3,11,164.61,1810.71,3
737,10180,4,20031111,10,81,12,3,8,131.04,1048.32,3
738,10180,5,20031111,32,81,12,3,13,48.46,629.98,3
739,10180,6,20031111,46,81,12,3,3,59.06,177.18,3
740,10180,7,20031111,53,81,12,3,2,147.31,294.62,3
741,10180,8,20031111,57,81,12,3,10,98.05,980.50,3
742,10180,9,20031111,61,81,12,3,14,61.70,863.80,3
743,10180,10,20031111,65,81,12,3,6,60.95,365.70,3
744,10180,11,20031111,83,81,12,3,1,68.71,68.71,3
745,10180,12,20031111,86,81,12,3,4,33.39,133.56,3
746,10180,13,20031111,91,81,12,3,7,102.05,714.35,3
747,10180,14,20031111,95,81,12,3,5,74.85,374.25,3
748,10181,1,20031112,7,82,13,3,14,155.66,2179.24,3
749,10181,2,20031112,12,82,13,3,12,113.92,1367.04,3
750,10181,3,20031112,14,82,13,3,15,67.03,1005.45,3
751,10181,4,20031112,16,82,13,3,11,107.10,1178.10,3
752,10181,5,20031112,18,82,13,3,6,124.56,747.36,3
753,10181,6,20031112,21,82,13,3,2,124.44,248.88,3
754,10181,7,20031112,24,82,13,3,10,74.69,746.90,3
755,10181,8,20031112,25,82,13,3,5,129.45,647.25,3
756,10181,9,20031112,34,82,13,3,3,130.68,392.04,3
757,10181,10,20031112,40,82,13,3,7,147.33,1031.31,3
758,10181,11,20031112,42,82,13,3,17,73.17,1243.89,3
759,10181,12,20031112,44,82,13,3,16,120.53,1928.48,3
760,10181,13,20031112,45,82,13,3,4,137.04,548.16,3
761,10181,14,20031112,58,82,13,3,1,45.28,45.28,3
762,10181,15,20031112,70,82,13,3,8,32.85,262.80,3
763,10181,16,20031112,73,82,13,3,13,54.49,708.37,3
764,10181,17,20031112,77,82,13,3,9,122.17,1099.53,3
765,10182,1,20031112,19,83,14,3,3,83.22,249.66,6
766,10182,2,20031112,20,83,14,3,2,44.21,88.42,6
767,10182,3,20031112,23,83,14,3,10,159.80,1598.00,6
768,10182,4,20031112,27,83,14,3,9,54.49,490.41,6
769,10182,5,20031112,29,83,14,3,7,105.52,738.64,6
770,10182,6,20031112,33,83,14,3,4,135.00,540.00,6
771,10182,7,20031112,43,83,14,3,1,86.31,86.31,6
772,10182,8,20031112,49,83,14,3,11,88.35,971.85,6
773,10182,9,20031112,54,83,14,3,12,61.29,735.48,6
774,10182,10,20031112,55,83,14,3,16,63.20,1011.20,6
775,10182,11,20031112,60,83,14,3,6,31.86,191.16,6
776,10182,12,20031112,63,83,14,3,5,39.87,199.35,6
777,10182,13,20031112,66,83,14,3,14,87.24,1221.36,6
778,10182,14,20031112,69,83,14,3,13,116.27,1511.51,6
779,10182,15,20031112,72,83,14,3,15,73.62,1104.30,6
780,10182,16,20031112,75,83,14,3,17,95.30,1620.10,6
781,10182,17,20031112,79,83,14,3,8,34.88,279.04,6
782,10183,1,20031113,2,84,15,3,8,180.01,1440.08,2
783,10183,2,20031113,6,84,15,3,1,127.06,127.06,2
784,10183,3,20031113,9,84,15,3,5,114.80,574.00,2
785,10183,4,20031113,17,84,15,3,7,108.50,759.50,2
786,10183,5,20031113,35,84,15,3,9,91.18,820.62,2
787,10183,6,20031113,36,84,15,3,11,51.22,563.42,2
788,10183,7,20031113,38,84,15,3,10,90.06,900.60,2
789,10183,8,20031113,51,84,15,3,2,118.66,237.32,2
790,10183,9,20031113,52,84,15,3,6,42.26,253.56,2
791,10183,10,20031113,81,84,15,3,12,81.81,981.72,2
792,10183,11,20031113,89,84,15,3,4,52.36,209.44,2
793,10183,12,20031113,102,84,15,3,3,85.98,257.94,2
794,10184,1,20031114,15,85,16,3,6,105.47,632.82,6
795,10184,2,20031114,26,85,16,3,5,145.72,728.60,6
796,10184,3,20031114,28,85,16,3,9,119.05,1071.45,6
797,10184,4,20031114,30,85,16,3,12,60.77,729.24,6
798,10184,5,20031114,40,85,16,3,10,165.95,1659.50,6
799,10184,6,20031114,56,85,16,3,3,57.22,171.66,6
800,10184,7,20031114,64,85,16,3,11,117.57,1293.27,6
801,10184,8,20031114,67,85,16,3,7,30.06,210.42,6
802,10184,9,20031114,80,85,16,3,2,114.73,229.46,6
803,10184,10,20031114,84,85,16,3,13,84.75,1101.75,6
804,10184,11,20031114,87,85,16,3,8,52.49,419.92,6
805,10184,12,20031114,88,85,16,3,1,59.03,59.03,6
806,10184,13,20031114,93,85,16,3,4,92.60,370.40,6
807,10185,1,20031114,8,86,17,3,13,195.33,2539.29,6
808,10185,2,20031114,11,86,17,3,14,146.55,2051.70,6
809,10185,3,20031114,13,86,17,3,12,147.07,1764.84,6
810,10185,4,20031114,39,86,17,3,9,124.30,1118.70,6
811,10185,5,20031114,41,86,17,3,11,94.79,1042.69,6
812,10185,6,20031114,48,86,17,3,16,127.82,2045.12,6
813,10185,7,20031114,50,86,17,3,8,87.77,702.16,6
814,10185,8,20031114,62,86,17,3,7,105.69,739.83,6
815,10185,9,20031114,71,86,17,3,2,83.20,166.40,6
816,10185,10,20031114,94,86,17,3,15,46.86,702.90,6
817,10185,11,20031114,96,86,17,3,3,64.67,194.01,6
818,10185,12,20031114,98,86,17,3,10,79.68,796.80,6
819,10185,13,20031114,101,86,17,3,1,61.44,61.44,6
820,10185,14,20031114,105,86,17,3,4,99.17,396.68,6
821,10185,15,20031114,106,86,17,3,5,93.35,466.75,6
822,10185,16,20031114,109,86,17,3,6,47.50,285.00,6
823,10186,1,20031114,5,87,18,3,9,108.80,979.20,4
824,10186,2,20031114,22,87,18,3,1,137.19,137.19,4
825,10186,3,20031114,37,87,18,3,7,73.12,511.84,4
826,10186,4,20031114,47,87,18,3,6,98.46,590.76,4
827,10186,5,20031114,68,87,18,3,2,60.29,120.58,4
828,10186,6,20031114,74,87,18,3,3,59.83,179.49,4
829,10186,7,20031114,76,87,18,3,8,68.77,550.16,4
830,10186,8,20031114,99,87,18,3,5,80.56,402.80,4
831,10186,9,20031114,108,87,18,3,4,42.71,170.84,4
832,10187,1,20031115,31,88,19,3,1,70.12,70.12,1
833,10187,2,20031115,59,88,19,3,3,96.29,288.87,1
834,10187,3,20031115,78,88,19,3,10,55.96,559.60,1
835,10187,4,20031115,82,88,19,3,2,64.48,128.96,1
836,10187,5,20031115,90,88,19,3,4,61.22,244.88,1
837,10187,6,20031115,92,88,19,3,5,39.71,198.55,1
838,10187,7,20031115,97,88,19,3,6,84.95,509.70,1
839,10187,8,20031115,100,88,19,3,8,95.73,765.84,1
840,10187,9,20031115,104,88,19,3,7,72.00,504.00,1
841,10187,10,20031115,107,88,19,3,9,70.33,632.97,1
842,10188,1,20031118,1,89,20,3,1,95.70,95.70,6
843,10188,2,20031118,3,89,20,3,4,111.80,447.20,6
844,10188,3,20031118,4,89,20,3,3,182.04,546.12,6
845,10188,4,20031118,32,89,20,3,5,52.09,260.45,6
846,10188,5,20031118,57,89,20,3,2,95.80,191.60,6
847,10188,6,20031118,61,89,20,3,6,61.70,370.20,6
848,10188,7,20031118,85,89,20,3,7,81.91,573.37,6
849,10188,8,20031118,103,89,20,3,8,96.11,768.88,6
850,10189,1,20031118,10,90,21,3,1,138.57,138.57,6
851,10190,1,20031119,65,91,22,3,3,58.87,176.61,1
852,10190,2,20031119,86,91,22,3,1,38.62,38.62,1
853,10190,3,20031119,91,91,22,3,4,89.80,359.20,1
854,10190,4,20031119,95,91,22,3,2,67.53,135.06,1
855,10191,1,20031120,7,92,23,3,3,155.66,466.98,4
856,10191,2,20031120,12,92,23,3,1,104.52,104.52,4
857,10191,3,20031120,14,92,23,3,4,70.22,280.88,4
858,10191,4,20031120,42,92,23,3,6,75.59,453.54,4
859,10191,5,20031120,44,92,23,3,5,119.06,595.30,4
860,10191,6,20031120,46,92,23,3,9,60.93,548.37,4
861,10191,7,20031120,53,92,23,3,8,136.90,1095.20,4
862,10191,8,20031120,73,92,23,3,2,53.27,106.54,4
863,10191,9,20031120,83,92,23,3,7,77.61,543.27,4
864,10192,1,20031120,16,93,1,3,16,99.04,1584.64,5
865,10192,2,20031120,18,93,1,3,11,140.12,1541.32,5
866,10192,3,20031120,21,93,1,3,7,100.80,705.60,5
867,10192,4,20031120,24,93,1,3,15,70.84,1062.60,5
868,10192,5,20031120,25,93,1,3,10,128.03,1280.30,5
869,10192,6,20031120,34,93,1,3,8,110.88,887.04,5
870,10192,7,20031120,40,93,1,3,12,137.17,1646.04,5
871,10192,8,20031120,45,93,1,3,9,125.74,1131.66,5
872,10192,9,20031120,55,93,1,3,4,72.02,288.08,5
873,10192,10,20031120,58,93,1,3,6,49.30,295.80,5
874,10192,11,20031120,66,93,1,3,2,86.33,172.66,5
875,10192,12,20031120,69,93,1,3,1,112.74,112.74,5
876,10192,13,20031120,70,93,1,3,13,33.23,431.99,5
877,10192,14,20031120,72,93,1,3,3,69.34,208.02,5
878,10192,15,20031120,75,93,1,3,5,93.16,465.80,5
879,10192,16,20031120,77,93,1,3,14,112.34,1572.76,5
880,10193,1,20031121,19,94,2,3,7,92.47,647.29,6
881,10193,2,20031121,20,94,2,3,6,46.36,278.16,6
882,10193,3,20031121,23,94,2,3,14,153.00,2142.00,6
883,10193,4,20031121,27,94,2,3,13,60.54,787.02,6
884,10193,5,20031121,29,94,2,3,11,115.69,1272.59,6
885,10193,6,20031121,33,94,2,3,8,143.44,1147.52,6
886,10193,7,20031121,35,94,2,3,1,87.13,87.13,6
887,10193,8,20031121,36,94,2,3,3,53.09,159.27,6
888,10193,9,20031121,38,94,2,3,2,97.39,194.78,6
889,10193,10,20031121,43,94,2,3,5,79.37,396.85,6
890,10193,11,20031121,49,94,2,3,15,92.03,1380.45,6
891,10193,12,20031121,54,94,2,3,16,66.28,1060.48,6
892,10193,13,20031121,60,94,2,3,10,32.19,321.90,6
893,10193,14,20031121,63,94,2,3,9,44.80,403.20,6
894,10193,15,20031121,79,94,2,3,12,38.16,457.92,6
895,10193,16,20031121,81,94,2,3,4,92.52,370.08,6
896,10194,1,20031125,2,95,3,3,11,203.59,2239.49,1
897,10194,2,20031125,6,95,3,3,4,134.44,537.76,1
898,10194,3,20031125,9,95,3,3,8,124.37,994.96,1
899,10194,4,20031125,17,95,3,3,10,103.84,1038.40,1
900,10194,5,20031125,30,95,3,3,2,51.05,102.10,1
901,10194,6,20031125,51,95,3,3,5,113.82,569.10,1
902,10194,7,20031125,52,95,3,3,9,47.79,430.11,1
903,10194,8,20031125,64,95,3,3,1,112.46,112.46,1
904,10194,9,20031125,84,95,3,3,3,77.05,231.15,1
905,10194,10,20031125,89,95,3,3,7,61.41,429.87,1
906,10194,11,20031125,102,95,3,3,6,80.92,485.52,1
907,10195,1,20031125,15,96,4,3,6,118.50,711.00,3
908,10195,2,20031125,26,96,4,3,5,139.17,695.85,3
909,10195,3,20031125,28,96,4,3,9,112.91,1016.19,3
910,10195,4,20031125,40,96,4,3,10,150.71,1507.10,3
911,10195,5,20031125,56,96,4,3,3,54.33,162.99,3
912,10195,6,20031125,67,96,4,3,7,31.82,222.74,3
913,10195,7,20031125,80,96,4,3,2,95.81,191.62,3
914,10195,8,20031125,87,96,4,3,8,51.95,415.60,3
915,10195,9,20031125,88,96,4,3,1,59.03,59.03,3
916,10195,10,20031125,93,96,4,3,4,97.23,388.92,3
917,10196,1,20031126,8,97,5,3,5,203.64,1018.20,5
918,10196,2,20031126,11,97,5,3,6,151.08,906.48,5
919,10196,3,20031126,13,97,5,3,4,147.07,588.28,5
920,10196,4,20031126,39,97,5,3,1,127.03,127.03,5
921,10196,5,20031126,41,97,5,3,3,81.68,245.04,5
922,10196,6,20031126,48,97,5,3,8,126.39,1011.12,5
923,10196,7,20031126,94,97,5,3,7,56.82,397.74,5
924,10196,8,20031126,98,97,5,3,2,84.88,169.76,5
925,10197,1,20031126,5,98,6,3,6,118.32,709.92,5
926,10197,2,20031126,37,98,6,3,4,83.44,333.76,5
927,10197,3,20031126,47,98,6,3,3,85.75,257.25,5
928,10197,4,20031126,50,98,6,3,14,78.99,1105.86,5
929,10197,5,20031126,62,98,6,3,13,109.37,1421.81,5
930,10197,6,20031126,71,98,6,3,8,83.20,665.60,5
931,10197,7,20031126,76,98,6,3,5,67.93,339.65,5
932,10197,8,20031126,96,98,6,3,9,60.00,540.00,5
933,10197,9,20031126,99,98,6,3,2,78.75,157.50,5
934,10197,10,20031126,101,98,6,3,7,66.50,465.50,5
935,10197,11,20031126,105,98,6,3,10,100.17,1001.70,5
936,10197,12,20031126,106,98,6,3,11,88.39,972.29,5
937,10197,13,20031126,108,98,6,3,1,39.73,39.73,5
938,10197,14,20031126,109,98,6,3,12,48.59,583.08,5
939,10198,1,20031127,22,99,7,3,4,149.81,599.24,6
940,10198,2,20031127,68,99,7,3,5,60.97,304.85,6
941,10198,3,20031127,74,99,7,3,6,61.81,370.86,6
942,10198,4,20031127,78,99,7,3,3,65.51,196.53,6
943,10198,5,20031127,100,99,7,3,1,94.73,94.73,6
944,10198,6,20031127,107,99,7,3,2,74.03,148.06,6
945,10199,1,20031201,92,100,8,3,1,37.97,37.97,5
946,10199,2,20031201,97,100,8,3,2,81.29,162.58,5
947,10199,3,20031201,104,100,8,3,3,70.40,211.20,5
948,10200,1,20031201,31,101,9,3,3,74.34,223.02,5
949,10200,2,20031201,59,101,9,3,5,99.57,497.85,5
950,10200,3,20031201,82,101,9,3,4,70.28,281.12,5
951,10200,4,20031201,85,101,9,3,1,80.91,80.91,5
952,10200,5,20031201,90,101,9,3,6,65.35,392.10,5
953,10200,6,20031201,103,101,9,3,2,115.09,230.18,5
954,10201,1,20031201,1,102,10,3,2,82.30,164.60,1
955,10201,2,20031201,3,102,10,3,5,116.56,582.80,1
956,10201,3,20031201,4,102,10,3,4,191.72,766.88,1
957,10201,4,20031201,10,102,10,3,1,126.52,126.52,1
958,10201,5,20031201,32,102,10,3,6,48.46,290.76,1
959,10201,6,20031201,57,102,10,3,3,93.54,280.62,1
960,10201,7,20031201,61,102,10,3,7,66.27,463.89,1
961,10202,1,20031202,46,103,11,3,3,55.33,165.99,4
962,10202,2,20031202,53,103,11,3,2,124.99,249.98,4
963,10202,3,20031202,65,103,11,3,6,56.10,336.60,4
964,10202,4,20031202,83,103,11,3,1,75.18,75.18,4
965,10202,5,20031202,86,103,11,3,4,33.39,133.56,4
966,10202,6,20031202,91,103,11,3,7,81.64,571.48,4
967,10202,7,20031202,95,103,11,3,5,79.73,398.65,4
968,10203,1,20031202,7,104,12,3,8,161.49,1291.92,5
969,10203,2,20031202,12,104,12,3,6,111.57,669.42,5
970,10203,3,20031202,14,104,12,3,9,63.84,574.56,5
971,10203,4,20031202,16,104,12,3,5,115.16,575.80,5
972,10203,5,20031202,24,104,12,3,4,73.15,292.60,5
973,10203,6,20031202,40,104,12,3,1,157.49,157.49,5
974,10203,7,20031202,42,104,12,3,11,66.74,734.14,5
975,10203,8,20031202,44,104,12,3,10,127.88,1278.80,5
976,10203,9,20031202,70,104,12,3,2,33.23,66.46,5
977,10203,10,20031202,73,104,12,3,7,56.94,398.58,5
978,10203,11,20031202,77,104,12,3,3,140.43,421.29,5
979,10204,1,20031202,18,105,13,3,17,114.65,1949.05,2
980,10204,2,20031202,21,105,13,3,13,113.24,1472.12,2
981,10204,3,20031202,23,105,13,3,4,153.00,612.00,2
982,10204,4,20031202,25,105,13,3,16,133.72,2139.52,2
983,10204,5,20031202,27,105,13,3,3,59.33,177.99,2
984,10204,6,20031202,29,105,13,3,1,119.50,119.50,2
985,10204,7,20031202,34,105,13,3,14,106.92,1496.88,2
986,10204,8,20031202,45,105,13,3,15,132.80,1992.00,2
987,10204,9,20031202,49,105,13,3,5,83.75,418.75,2
988,10204,10,20031202,54,105,13,3,6,69.84,419.04,2
989,10204,11,20031202,55,105,13,3,10,69.82,698.20,2
990,10204,12,20031202,58,105,13,3,12,46.79,561.48,2
991,10204,13,20031202,66,105,13,3,8,79.06,632.48,2
992,10204,14,20031202,69,105,13,3,7,112.74,789.18,2
993,10204,15,20031202,72,105,13,3,9,84.75,762.75,2
994,10204,16,20031202,75,105,13,3,11,104.94,1154.34,2
995,10204,17,20031202,79,105,13,3,2,34.88,69.76,2
996,10205,1,20031203,19,106,14,3,2,98.63,197.26,4
997,10205,2,20031203,20,106,14,3,1,45.82,45.82,4
998,10205,3,20031203,33,106,14,3,3,138.38,415.14,4
999,10205,4,20031203,60,106,14,3,5,27.88,139.40,4
1000,10205,5,20031203,63,106,14,3,4,36.74,146.96,4
1001,10206,1,20031205,2,107,15,3,6,203.59,1221.54,3
1002,10206,2,20031205,9,107,15,3,3,109.34,328.02,3
1003,10206,3,20031205,17,107,15,3,5,115.50,577.50,3
1004,10206,4,20031205,35,107,15,3,7,98.27,687.89,3
1005,10206,5,20031205,36,107,15,3,9,51.84,466.56,3
1006,10206,6,20031205,38,107,15,3,8,102.63,821.04,3
1007,10206,7,20031205,43,107,15,3,11,99.21,1091.31,3
1008,10206,8,20031205,52,107,15,3,4,45.78,183.12,3
1009,10206,9,20031205,81,107,15,3,10,95.44,954.40,3
1010,10206,10,20031205,89,107,15,3,2,54.94,109.88,3
1011,10206,11,20031205,102,107,15,3,1,89.01,89.01,3
1012,10207,1,20031209,6,108,16,3,15,125.58,1883.70,2
1013,10207,2,20031209,15,108,16,3,7,95.99,671.93,2
1014,10207,3,20031209,26,108,16,3,6,140.81,844.86,2
1015,10207,4,20031209,28,108,16,3,10,109.23,1092.30,2
1016,10207,5,20031209,30,108,16,3,13,60.77,790.01,2
1017,10207,6,20031209,40,108,16,3,11,140.55,1546.05,2
1018,10207,7,20031209,48,108,16,3,1,143.62,143.62,2
1019,10207,8,20031209,51,108,16,3,16,119.87,1917.92,2
1020,10207,9,20031209,56,108,16,3,4,57.80,231.20,2
1021,10207,10,20031209,64,108,16,3,12,127.79,1533.48,2
1022,10207,11,20031209,67,108,16,3,8,30.76,246.08,2
1023,10207,12,20031209,80,108,16,3,3,108.82,326.46,2
1024,10207,13,20031209,84,108,16,3,14,84.75,1186.50,2
1025,10207,14,20031209,87,108,16,3,9,51.95,467.55,2
1026,10207,15,20031209,88,108,16,3,2,55.30,110.60,2
1027,10207,16,20031209,93,108,16,3,5,106.49,532.45,2
1028,10208,1,20040102,8,109,17,3,13,176.63,2296.19,2
1029,10208,2,20040102,11,109,17,3,14,128.42,1797.88,2
1030,10208,3,20040102,13,109,17,3,12,152.26,1827.12,2
1031,10208,4,20040102,39,109,17,3,9,117.47,1057.23,2
1032,10208,5,20040102,41,109,17,3,11,96.81,1064.91,2
1033,10208,6,20040102,50,109,17,3,8,72.85,582.80,2
1034,10208,7,20040102,62,109,17,3,7,122.89,860.23,2
1035,10208,8,20040102,71,109,17,3,2,80.54,161.08,2
1036,10208,9,20040102,94,109,17,3,15,57.99,869.85,2
1037,10208,10,20040102,96,109,17,3,3,56.67,170.01,2
1038,10208,11,20040102,98,109,17,3,10,73.62,736.20,2
1039,10208,12,20040102,101,109,17,3,1,63.61,63.61,2
1040,10208,13,20040102,105,109,17,3,4,95.16,380.64,2
1041,10208,14,20040102,106,109,17,3,5,95.34,476.70,2
1042,10208,15,20040102,109,109,17,3,6,48.05,288.30,2
1043,10209,1,20040109,5,110,18,3,8,129.20,1033.60,3
1044,10209,2,20040109,37,110,18,3,6,82.58,495.48,3
1045,10209,3,20040109,47,110,18,3,5,97.40,487.00,3
1046,10209,4,20040109,68,110,18,3,1,66.45,66.45,3
1047,10209,5,20040109,74,110,18,3,2,56.55,113.10,3
1048,10209,6,20040109,76,110,18,3,7,79.67,557.69,3
1049,10209,7,20040109,99,110,18,3,4,90.52,362.08,3
1050,10209,8,20040109,108,110,18,3,3,44.20,132.60,3
1051,10210,1,20040112,3,111,19,3,2,112.99,225.98,8
1052,10210,2,20040112,4,111,19,3,1,189.79,189.79,8
1053,10210,3,20040112,22,111,19,3,17,141.92,2412.64,8
1054,10210,4,20040112,31,111,19,3,7,68.43,479.01,8
1055,10210,5,20040112,32,111,19,3,3,51.48,154.44,8
1056,10210,6,20040112,59,111,19,3,9,100.67,906.03,8
1057,10210,7,20040112,61,111,19,3,4,63.22,252.88,8
1058,10210,8,20040112,78,111,19,3,16,56.64,906.24,8
1059,10210,9,20040112,82,111,19,3,8,68.10,544.80,8
1060,10210,10,20040112,85,111,19,3,5,84.91,424.55,8
1061,10210,11,20040112,90,111,19,3,10,57.10,571.00,8
1062,10210,12,20040112,92,111,19,3,11,43.20,475.20,8
1063,10210,13,20040112,97,111,19,3,12,87.69,1052.28,8
1064,10210,14,20040112,100,111,19,3,14,93.74,1312.36,8
1065,10210,15,20040112,103,111,19,3,6,98.48,590.88,8
1066,10210,16,20040112,104,111,19,3,13,64.00,832.00,8
1067,10210,17,20040112,107,111,19,3,15,60.70,910.50,8
1068,10211,1,20040115,1,112,20,3,14,90.92,1272.88,3
1069,10211,2,20040115,7,112,20,3,2,171.22,342.44,3
1070,10211,3,20040115,10,112,20,3,13,126.52,1644.76,3
1071,10211,4,20040115,14,112,20,3,3,79.80,239.40,3
1072,10211,5,20040115,42,112,20,3,5,73.17,365.85,3
1073,10211,6,20040115,44,112,20,3,4,138.17,552.68,3
1074,10211,7,20040115,46,112,20,3,8,60.30,482.40,3
1075,10211,8,20040115,53,112,20,3,7,148.80,1041.60,3
1076,10211,9,20040115,57,112,20,3,15,109.32,1639.80,3
1077,10211,10,20040115,65,112,20,3,11,62.33,685.63,3
1078,10211,11,20040115,73,112,20,3,1,52.66,52.66,3
1079,10211,12,20040115,83,112,20,3,6,80.84,485.04,3
1080,10211,13,20040115,86,112,20,3,9,39.83,358.47,3
1081,10211,14,20040115,91,112,20,3,12,94.91,1138.92,3
1082,10211,15,20040115,95,112,20,3,10,70.78,707.80,3
1083,10212,1,20040116,12,113,21,3,16,99.82,1597.12,2
1084,10212,2,20040116,16,113,21,3,15,110.55,1658.25,2
1085,10212,3,20040116,18,113,21,3,10,117.48,1174.80,2
1086,10212,4,20040116,21,113,21,3,6,105.77,634.62,2
1087,10212,5,20040116,24,113,21,3,14,64.68,905.52,2
1088,10212,6,20040116,25,113,21,3,9,133.72,1203.48,2
1089,10212,7,20040116,34,113,21,3,7,117.48,822.36,2
1090,10212,8,20040116,40,113,21,3,11,155.79,1713.69,2
1091,10212,9,20040116,45,113,21,3,8,115.85,926.80,2
1092,10212,10,20040116,55,113,21,3,3,61.73,185.19,2
1093,10212,11,20040116,58,113,21,3,5,43.27,216.35,2
1094,10212,12,20040116,66,113,21,3,1,81.78,81.78,2
1095,10212,13,20040116,70,113,21,3,12,37.38,448.56,2
1096,10212,14,20040116,72,113,21,3,2,77.91,155.82,2
1097,10212,15,20040116,75,113,21,3,4,100.66,402.64,2
1098,10212,16,20040116,77,113,21,3,13,117.96,1533.48,2
1099,10213,1,20040122,49,114,22,3,1,84.67,84.67,5
1100,10213,2,20040122,54,114,22,3,2,58.44,116.88,5
1101,10213,3,20040122,69,114,22,3,3,97.48,292.44,5
1102,10214,1,20040126,23,115,23,3,7,166.60,1166.20,3
1103,10214,2,20040126,27,115,23,3,6,53.28,319.68,3
1104,10214,3,20040126,29,115,23,3,4,125.86,503.44,3
1105,10214,4,20040126,33,115,23,3,1,167.06,167.06,3
1106,10214,5,20040126,60,115,23,3,3,32.19,96.57,3
1107,10214,6,20040126,63,115,23,3,2,39.87,79.74,3
1108,10214,7,20040126,79,115,23,3,5,38.57,192.85,3
1109,10215,1,20040129,2,116,1,3,3,205.73,617.19,3
1110,10215,2,20040129,17,116,1,3,2,100.34,200.68,3
1111,10215,3,20040129,19,116,1,3,10,92.47,924.70,3
1112,10215,4,20040129,20,116,1,3,9,53.91,485.19,3
1113,10215,5,20040129,35,116,1,3,4,97.26,389.04,3
1114,10215,6,20040129,36,116,1,3,6,56.21,337.26,3
1115,10215,7,20040129,38,116,1,3,5,89.01,445.05,3
1116,10215,8,20040129,43,116,1,3,8,84.33,674.64,3
1117,10215,9,20040129,52,116,1,3,1,42.76,42.76,3
1118,10215,10,20040129,81,116,1,3,7,94.47,661.29,3
1119,10216,1,20040202,9,117,2,3,1,133.94,133.94,2
1120,10217,1,20040204,6,118,3,3,4,132.97,531.88,2
1121,10217,2,20040204,30,118,3,3,2,58.34,116.68,2
1122,10217,3,20040204,51,118,3,3,5,118.66,593.30,2
1123,10217,4,20040204,64,118,3,3,1,103.51,103.51,2
1124,10217,5,20040204,84,118,3,3,3,78.97,236.91,2
1125,10217,6,20040204,89,118,3,3,7,56.24,393.68,2
1126,10217,7,20040204,102,118,3,3,6,90.02,540.12,2
1127,10218,1,20040209,28,119,4,3,1,110.46,110.46,2
1128,10218,2,20040209,40,119,4,3,2,152.41,304.82,2
1129,10219,1,20040210,15,120,5,3,2,94.80,189.60,2
1130,10219,2,20040210,26,120,5,3,1,132.62,132.62,2
1131,10219,3,20040210,67,120,5,3,3,31.12,93.36,2
1132,10219,4,20040210,87,120,5,3,4,47.62,190.48,2
1133,10220,1,20040212,8,121,6,3,2,189.10,378.20,4
1134,10220,2,20040212,11,121,6,3,3,151.08,453.24,4
1135,10220,3,20040212,13,121,6,3,1,166.10,166.10,4
1136,10220,4,20040212,48,121,6,3,5,126.39,631.95,4
1137,10220,5,20040212,56,121,6,3,8,48.55,388.40,4
1138,10220,6,20040212,80,121,6,3,7,101.72,712.04,4
1139,10220,7,20040212,88,121,6,3,6,49.71,298.26,4
1140,10220,8,20040212,93,121,6,3,9,92.60,833.40,4
1141,10220,9,20040212,94,121,6,3,4,56.82,227.28,4
1142,10221,1,20040218,39,122,7,3,3,133.86,401.58,1
1143,10221,2,20040218,41,122,7,3,5,89.75,448.75,1
1144,10221,3,20040218,50,122,7,3,2,84.26,168.52,1
1145,10221,4,20040218,62,122,7,3,1,113.06,113.06,1
1146,10221,5,20040218,98,122,7,3,4,69.29,277.16,1
1147,10222,1,20040219,5,1,8,3,12,133.28,1599.36,1
1148,10222,2,20040219,22,1,8,3,4,137.19,548.76,1
1149,10222,3,20040219,37,1,8,3,10,79.14,791.40,1
1150,10222,4,20040219,47,1,8,3,9,88.93,800.37,1
1151,10222,5,20040219,68,1,8,3,5,56.86,284.30,1
1152,10222,6,20040219,71,1,8,3,14,74.35,1040.90,1
1153,10222,7,20040219,74,1,8,3,6,61.15,366.90,1
1154,10222,8,20040219,76,1,8,3,11,77.99,857.89,1
1155,10222,9,20040219,78,1,8,3,3,55.27,165.81,1
1156,10222,10,20040219,96,1,8,3,15,58.67,880.05,1
1157,10222,11,20040219,99,1,8,3,8,80.56,644.48,1
1158,10222,12,20040219,100,1,8,3,1,90.75,90.75,1
1159,10222,13,20040219,101,1,8,3,13,69.39,902.07,1
1160,10222,14,20040219,105,1,8,3,16,84.14,1346.24,1
1161,10222,15,20040219,106,1,8,3,17,81.43,1384.31,1
1162,10222,16,20040219,107,1,8,3,2,66.63,133.26,1
1163,10222,17,20040219,108,1,8,3,7,45.19,316.33,1
1164,10222,18,20040219,109,1,8,3,18,48.59,874.62,1
1165,10223,1,20040220,1,2,9,3,1,80.39,80.39,4
1166,10223,2,20040220,3,2,9,3,4,110.61,442.44,4
1167,10223,3,20040220,4,2,9,3,3,189.79,569.37,4
1168,10223,4,20040220,31,2,9,3,9,67.58,608.22,4
1169,10223,5,20040220,32,2,9,3,5,58.75,293.75,4
1170,10223,6,20040220,57,2,9,3,2,104.81,209.62,4
1171,10223,7,20040220,59,2,9,3,11,87.54,962.94,4
1172,10223,8,20040220,61,2,9,3,6,60.94,365.64,4
1173,10223,9,20040220,82,2,9,3,10,68.10,681.00,4
1174,10223,10,20040220,85,2,9,3,7,90.90,636.30,4
1175,10223,11,20040220,90,2,9,3,12,66.73,800.76,4
1176,10223,12,20040220,92,2,9,3,13,41.02,533.26,4
1177,10223,13,20040220,97,2,9,3,14,84.03,1176.42,4
1178,10223,14,20040220,103,2,9,3,8,113.90,911.20,4
1179,10223,15,20040220,104,2,9,3,15,79.20,1188.00,4
1180,10224,1,20040221,10,3,10,3,6,141.58,849.48,5
1181,10224,2,20040221,46,3,10,3,1,57.20,57.20,5
1182,10224,3,20040221,65,3,10,3,4,60.26,241.04,5
1183,10224,4,20040221,86,3,10,3,2,37.01,74.02,5
1184,10224,5,20040221,91,3,10,3,5,94.91,474.55,5
1185,10224,6,20040221,95,3,10,3,3,81.36,244.08,5
1186,10225,1,20040222,7,4,11,3,9,157.60,1418.40,2
1187,10225,2,20040222,12,4,11,3,7,101.00,707.00,2
1188,10225,3,20040222,14,4,11,3,10,64.64,646.40,2
1189,10225,4,20040222,16,4,11,3,6,100.19,601.14,2
1190,10225,5,20040222,18,4,11,3,1,116.06,116.06,2
1191,10225,6,20040222,24,4,11,3,5,71.61,358.05,2
1192,10225,7,20040222,40,4,11,3,2,162.57,325.14,2
1193,10225,8,20040222,42,4,11,3,12,69.96,839.52,2
1194,10225,9,20040222,44,4,11,3,11,119.06,1309.66,2
1195,10225,10,20040222,53,4,11,3,14,135.41,1895.74,2
1196,10225,11,20040222,70,4,11,3,3,34.74,104.22,2
1197,10225,12,20040222,73,4,11,3,8,51.43,411.44,2
1198,10225,13,20040222,77,4,11,3,4,130.60,522.40,2
1199,10225,14,20040222,83,4,11,3,13,77.61,1008.93,2
1200,10226,1,20040226,21,5,12,3,4,108.26,433.04,5
1201,10226,2,20040226,25,5,12,3,7,129.45,906.15,5
1202,10226,3,20040226,34,5,12,3,5,125.40,627.00,5
1203,10226,4,20040226,45,5,12,3,6,122.91,737.46,5
1204,10226,5,20040226,55,5,12,3,1,65.41,65.41,5
1205,10226,6,20040226,58,5,12,3,3,47.79,143.37,5
1206,10226,7,20040226,75,5,12,3,2,95.30,190.60,5
1207,10227,1,20040302,19,6,13,3,3,85.27,255.81,6
1208,10227,2,20040302,20,6,13,3,2,50.14,100.28,6
1209,10227,3,20040302,23,6,13,3,10,136.00,1360.00,6
1210,10227,4,20040302,27,6,13,3,9,59.93,539.37,6
1211,10227,5,20040302,29,6,13,3,7,118.23,827.61,6
1212,10227,6,20040302,33,6,13,3,4,146.81,587.24,6
1213,10227,7,20040302,43,6,13,3,1,99.21,99.21,6
1214,10227,8,20040302,49,6,13,3,11,87.43,961.73,6
1215,10227,9,20040302,54,6,13,3,12,70.56,846.72,6
1216,10227,10,20040302,60,6,13,3,6,27.22,163.32,6
1217,10227,11,20040302,63,6,13,3,5,39.42,197.10,6
1218,10227,12,20040302,66,6,13,3,14,84.51,1183.14,6
1219,10227,13,20040302,69,6,13,3,13,102.17,1328.21,6
1220,10227,14,20040302,72,6,13,3,15,78.76,1181.40,6
1221,10227,15,20040302,79,6,13,3,8,34.88,279.04,6
1222,10228,1,20040310,2,7,14,3,2,214.30,428.60,3
1223,10228,2,20040310,17,7,14,3,1,100.34,100.34,3
1224,10228,3,20040310,35,7,14,3,3,101.31,303.93,3
1225,10228,4,20040310,36,7,14,3,5,57.46,287.30,3
1226,10228,5,20040310,38,7,14,3,4,100.53,402.12,3
1227,10228,6,20040310,81,7,14,3,6,84.73,508.38,3
1228,10229,1,20040311,6,8,15,3,9,138.88,1249.92,1
1229,10229,2,20040311,9,8,15,3,13,110.70,1439.10,1
1230,10229,3,20040311,15,8,15,3,1,95.99,95.99,1
1231,10229,4,20040311,28,8,15,3,4,104.32,417.28,1
1232,10229,5,20040311,30,8,15,3,7,53.48,374.36,1
1233,10229,6,20040311,40,8,15,3,5,157.49,787.45,1
1234,10229,7,20040311,51,8,15,3,10,119.87,1198.70,1
1235,10229,8,20040311,52,8,15,3,14,43.77,612.78,1
1236,10229,9,20040311,64,8,15,3,6,115.01,690.06,1
1237,10229,10,20040311,67,8,15,3,2,34.65,69.30,1
1238,10229,11,20040311,84,8,15,3,8,78.97,631.76,1
1239,10229,12,20040311,87,8,15,3,3,49.78,149.34,1
1240,10229,13,20040311,89,8,15,3,12,52.36,628.32,1
1241,10229,14,20040311,102,8,15,3,11,91.04,1001.44,1
1242,10230,1,20040315,11,9,16,3,1,128.42,128.42,5
1243,10230,2,20040315,26,9,16,3,8,153.91,1231.28,5
1244,10230,3,20040315,48,9,16,3,3,142.18,426.54,5
1245,10230,4,20040315,56,9,16,3,6,47.40,284.40,5
1246,10230,5,20040315,80,9,16,3,5,99.36,496.80,5
1247,10230,6,20040315,88,9,16,3,4,59.03,236.12,5
1248,10230,7,20040315,93,9,16,3,7,100.70,704.90,5
1249,10230,8,20040315,94,9,16,3,2,57.41,114.82,5
1250,10231,1,20040319,8,10,17,3,2,193.25,386.50,6
1251,10231,2,20040319,13,10,17,3,1,147.07,147.07,6
1252,10232,1,20040320,39,11,18,3,6,133.86,803.16,5
1253,10232,2,20040320,41,11,18,3,8,97.81,782.48,5
1254,10232,3,20040320,50,11,18,3,5,78.12,390.60,5
1255,10232,4,20040320,62,11,18,3,4,113.06,452.24,5
1256,10232,5,20040320,98,11,18,3,7,84.88,594.16,5
1257,10232,6,20040320,105,11,18,3,1,86.15,86.15,5
1258,10232,7,20040320,106,11,18,3,2,81.43,162.86,5
1259,10232,8,20040320,109,11,18,3,3,48.59,145.77,5
1260,10233,1,20040329,71,12,19,3,2,70.81,141.62,4
1261,10233,2,20040329,96,12,19,3,3,66.00,198.00,4
1262,10233,3,20040329,101,12,19,3,1,67.94,67.94,4
1263,10234,1,20040330,5,13,20,3,9,118.32,1064.88,3
1264,10234,2,20040330,22,13,20,3,1,146.65,146.65,3
1265,10234,3,20040330,37,13,20,3,7,84.30,590.10,3
1266,10234,4,20040330,47,13,20,3,6,85.75,514.50,3
1267,10234,5,20040330,68,13,20,3,2,67.14,134.28,3
1268,10234,6,20040330,74,13,20,3,3,65.09,195.27,3
1269,10234,7,20040330,76,13,20,3,8,78.83,630.64,3
1270,10234,8,20040330,99,13,20,3,5,83.28,416.40,3
1271,10234,9,20040330,108,13,20,3,4,45.69,182.76,3
1272,10235,1,20040402,31,14,21,3,3,81.95,245.85,4
1273,10235,2,20040402,59,14,21,3,5,89.72,448.60,4
1274,10235,3,20040402,78,14,21,3,12,55.27,663.24,4
1275,10235,4,20040402,82,14,21,3,4,63.03,252.12,4
1276,10235,5,20040402,85,14,21,3,1,90.90,90.90,4
1277,10235,6,20040402,90,14,21,3,6,66.73,400.38,4
1278,10235,7,20040402,92,14,21,3,7,37.09,259.63,4
1279,10235,8,20040402,97,14,21,3,8,88.60,708.80,4
1280,10235,9,20040402,100,14,21,3,10,92.74,927.40,4
1281,10235,10,20040402,103,14,21,3,2,116.28,232.56,4
1282,10235,11,20040402,104,14,21,3,9,73.60,662.40,4
1283,10235,12,20040402,107,14,21,3,11,70.33,773.63,4
1284,10236,1,20040403,3,15,22,3,1,105.86,105.86,5
1285,10236,2,20040403,32,15,22,3,2,52.70,105.40,5
1286,10236,3,20040403,61,15,22,3,3,65.51,196.53,5
1287,10237,1,20040405,1,16,23,3,7,91.87,643.09,5
1288,10237,2,20040405,4,16,23,3,9,158.80,1429.20,5
1289,10237,3,20040405,10,16,23,3,6,129.53,777.18,5
1290,10237,4,20040405,46,16,23,3,1,49.74,49.74,5
1291,10237,5,20040405,57,16,23,3,8,109.32,874.56,5
1292,10237,6,20040405,65,16,23,3,4,62.33,249.32,5
1293,10237,7,20040405,86,16,23,3,2,35.00,70.00,5
1294,10237,8,20040405,91,16,23,3,5,94.91,474.55,5
1295,10237,9,20040405,95,16,23,3,3,78.92,236.76,5
1296,10238,1,20040409,7,17,1,3,3,161.49,484.47,1
1297,10238,2,20040409,12,17,1,3,1,104.52,104.52,1
1298,10238,3,20040409,14,17,1,3,4,73.42,293.68,1
1299,10238,4,20040409,42,17,1,3,6,68.35,410.10,1
1300,10238,5,20040409,44,17,1,3,5,144.05,720.25,1
1301,10238,6,20040409,53,17,1,3,8,120.53,964.24,1
1302,10238,7,20040409,73,17,1,3,2,53.88,107.76,1
1303,10238,8,20040409,83,17,1,3,7,67.91,475.37,1
1304,10239,1,20040412,16,18,2,3,5,100.19,500.95,5
1305,10239,2,20040412,24,18,2,3,4,70.07,280.28,5
1306,10239,3,20040412,40,18,2,3,1,135.47,135.47,5
1307,10239,4,20040412,70,18,2,3,2,32.47,64.94,5
1308,10239,5,20040412,77,18,2,3,3,133.41,400.23,5
1309,10240,1,20040413,18,19,3,3,3,125.97,377.91,7
1310,10240,2,20040413,25,19,3,3,2,136.56,273.12,7
1311,10240,3,20040413,45,19,3,3,1,134.22,134.22,7
1312,10241,1,20040413,21,20,4,3,11,119.46,1314.06,6
1313,10241,2,20040413,23,20,4,3,2,153.00,306.00,6
1314,10241,3,20040413,27,20,4,3,1,55.70,55.70,6
1315,10241,4,20040413,34,20,4,3,12,126.72,1520.64,6
1316,10241,5,20040413,49,20,4,3,3,77.31,231.93,6
1317,10241,6,20040413,54,20,4,3,4,62.72,250.88,6
1318,10241,7,20040413,55,20,4,3,8,72.02,576.16,6
1319,10241,8,20040413,58,20,4,3,10,47.29,472.90,6
1320,10241,9,20040413,66,20,4,3,6,89.05,534.30,6
1321,10241,10,20040413,69,20,4,3,5,117.44,587.20,6
1322,10241,11,20040413,72,20,4,3,7,69.34,485.38,6
1323,10241,12,20040413,75,20,4,3,9,107.08,963.72,6
1324,10242,1,20040420,79,21,5,3,1,36.52,36.52,5
1325,10243,1,20040426,29,22,6,3,2,111.87,223.74,2
1326,10243,2,20040426,60,22,6,3,1,30.87,30.87,2
1327,10244,1,20040429,19,23,7,3,7,99.66,697.62,5
1328,10244,2,20040429,20,23,7,3,6,48.52,291.12,5
1329,10244,3,20040429,33,23,7,3,8,141.75,1134.00,5
1330,10244,4,20040429,35,23,7,3,1,87.13,87.13,5
1331,10244,5,20040429,36,23,7,3,3,54.96,164.88,5
1332,10244,6,20040429,38,23,7,3,2,85.87,171.74,5
1333,10244,7,20040429,43,23,7,3,5,87.30,436.50,5
1334,10244,8,20040429,63,23,7,3,9,42.11,378.99,5
1335,10244,9,20040429,81,23,7,3,4,97.39,389.56,5
1336,10245,1,20040504,2,24,8,3,9,195.01,1755.09,5
1337,10245,2,20040504,6,24,8,3,2,147.74,295.48,5
1338,10245,3,20040504,9,24,8,3,6,120.27,721.62,5
1339,10245,4,20040504,17,24,8,3,8,114.34,914.72,5
1340,10245,5,20040504,51,24,8,3,3,111.39,334.17,5
1341,10245,6,20040504,52,24,8,3,7,48.80,341.60,5
1342,10245,7,20040504,84,24,8,3,1,81.86,81.86,5
1343,10245,8,20040504,89,24,8,3,5,54.94,274.70,5
1344,10245,9,20040504,102,24,8,3,4,81.93,327.72,5
1345,10246,1,20040505,15,25,9,3,5,99.54,497.70,1
1346,10246,2,20040505,26,25,9,3,4,144.08,576.32,1
1347,10246,3,20040505,28,25,9,3,8,100.64,805.12,1
1348,10246,4,20040505,30,25,9,3,11,57.73,635.03,1
1349,10246,5,20040505,40,25,9,3,9,145.63,1310.67,1
1350,10246,6,20040505,56,25,9,3,2,46.24,92.48,1
1351,10246,7,20040505,64,25,9,3,10,118.84,1188.40,1
1352,10246,8,20040505,67,25,9,3,6,34.65,207.90,1
1353,10246,9,20040505,80,25,9,3,1,100.54,100.54,1
1354,10246,10,20040505,87,25,9,3,7,45.45,318.15,1
1355,10246,11,20040505,93,25,9,3,3,113.44,340.32,1
1356,10247,1,20040505,8,26,10,3,2,195.33,390.66,3
1357,10247,2,20040505,11,26,10,3,3,140.50,421.50,3
1358,10247,3,20040505,13,26,10,3,1,167.83,167.83,3
1359,10247,4,20040505,48,26,10,3,5,143.62,718.10,3
1360,10247,5,20040505,88,26,10,3,6,58.41,350.46,3
1361,10247,6,20040505,94,26,10,3,4,51.55,206.20,3
1362,10248,1,20040507,5,27,11,1,3,126.48,379.44,1
1363,10248,2,20040507,37,27,11,1,1,80.86,80.86,1
1364,10248,3,20040507,39,27,11,1,12,133.86,1606.32,1
1365,10248,4,20040507,41,27,11,1,14,95.80,1341.20,1
1366,10248,5,20040507,50,27,11,1,11,87.77,965.47,1
1367,10248,6,20040507,62,27,11,1,10,122.89,1228.90,1
1368,10248,7,20040507,71,27,11,1,5,85.85,429.25,1
1369,10248,8,20040507,76,27,11,1,2,83.02,166.04,1
1370,10248,9,20040507,96,27,11,1,6,66.00,396.00,1
1371,10248,10,20040507,98,27,11,1,13,81.41,1058.33,1
1372,10248,11,20040507,101,27,11,1,4,69.39,277.56,1
1373,10248,12,20040507,105,27,11,1,7,84.14,588.98,1
1374,10248,13,20040507,106,27,11,1,8,92.36,738.88,1
1375,10248,14,20040507,109,27,11,1,9,53.51,481.59,1
1376,10249,1,20040508,47,28,12,3,5,88.93,444.65,3
1377,10249,2,20040508,68,28,12,3,1,54.81,54.81,3
1378,10249,3,20040508,74,28,12,3,2,65.75,131.50,3
1379,10249,4,20040508,99,28,12,3,4,85.99,343.96,3
1380,10249,5,20040508,108,28,12,3,3,49.16,147.48,3
1381,10250,1,20040511,22,29,13,3,14,148.23,2075.22,4
1382,10250,2,20040511,31,29,13,3,4,84.48,337.92,4
1383,10250,3,20040511,59,29,13,3,6,95.20,571.20,4
1384,10250,4,20040511,61,29,13,3,1,63.22,63.22,4
1385,10250,5,20040511,78,29,13,3,13,61.42,798.46,4
1386,10250,6,20040511,82,29,13,3,5,72.45,362.25,4
1387,10250,7,20040511,85,29,13,3,2,99.89,199.78,4
1388,10250,8,20040511,90,29,13,3,7,62.60,438.20,4
1389,10250,9,20040511,92,29,13,3,8,36.66,293.28,4
1390,10250,10,20040511,97,29,13,3,9,91.34,822.06,4
1391,10250,11,20040511,100,29,13,3,11,90.75,998.25,4
1392,10250,12,20040511,103,29,13,3,3,98.48,295.44,4
1393,10250,13,20040511,104,29,13,3,10,76.00,760.00,4
1394,10250,14,20040511,107,29,13,3,12,65.89,790.68,4
1395,10251,1,20040518,1,30,14,3,2,93.79,187.58,6
1396,10251,2,20040518,3,30,14,3,5,115.37,576.85,6
1397,10251,3,20040518,4,30,14,3,4,172.36,689.44,6
1398,10251,4,20040518,10,30,14,3,1,129.53,129.53,6
1399,10251,5,20040518,32,30,14,3,6,58.15,348.90,6
1400,10251,6,20040518,57,30,14,3,3,91.29,273.87,6
1401,10252,1,20040526,42,31,15,3,2,74.78,149.56,3
1402,10252,2,20040526,44,31,15,3,1,145.52,145.52,3
1403,10252,3,20040526,46,31,15,3,5,50.36,251.80,3
1404,10252,4,20040526,53,31,15,3,4,127.97,511.88,3
1405,10252,5,20040526,65,31,15,3,8,63.03,504.24,3
1406,10252,6,20040526,83,31,15,3,3,69.52,208.56,3
1407,10252,7,20040526,86,31,15,3,6,36.21,217.26,3
1408,10252,8,20040526,91,31,15,3,9,93.89,845.01,3
1409,10252,9,20040526,95,31,15,3,7,72.41,506.87,3
1410,10253,1,20040601,7,32,16,1,13,157.60,2048.80,1
1411,10253,2,20040601,12,32,16,1,11,102.17,1123.87,1
1412,10253,3,20040601,14,32,16,1,14,67.03,938.42,1
1413,10253,4,20040601,16,32,16,1,10,109.40,1094.00,1
1414,10253,5,20040601,18,32,16,1,5,130.22,651.10,1
1415,10253,6,20040601,21,32,16,1,1,103.29,103.29,1
1416,10253,7,20040601,24,32,16,1,9,67.76,609.84,1
1417,10253,8,20040601,25,32,16,1,4,130.87,523.48,1
1418,10253,9,20040601,34,32,16,1,2,114.84,229.68,1
1419,10253,10,20040601,40,32,16,1,6,145.63,873.78,1
1420,10253,11,20040601,45,32,16,1,3,139.87,419.61,1
1421,10253,12,20040601,70,32,16,1,7,34.74,243.18,1
1422,10253,13,20040601,73,32,16,1,12,50.82,609.84,1
1423,10253,14,20040601,77,32,16,1,8,115.15,921.20,1
1424,10254,1,20040603,23,33,17,3,5,137.70,688.50,1
1425,10254,2,20040603,27,33,17,3,4,55.09,220.36,1
1426,10254,3,20040603,29,33,17,3,2,102.98,205.96,1
1427,10254,4,20040603,49,33,17,3,6,80.99,485.94,1
1428,10254,5,20040603,54,33,17,3,7,59.87,419.09,1
1429,10254,6,20040603,55,33,17,3,11,66.88,735.68,1
1430,10254,7,20040603,58,33,17,3,13,43.27,562.51,1
1431,10254,8,20040603,60,33,17,3,1,28.88,28.88,1
1432,10254,9,20040603,66,33,17,3,9,85.42,768.78,1
1433,10254,10,20040603,69,33,17,3,8,111.57,892.56,1
1434,10254,11,20040603,72,33,17,3,10,69.34,693.40,1
1435,10254,12,20040603,75,33,17,3,12,101.73,1220.76,1
1436,10254,13,20040603,79,33,17,3,3,39.80,119.40,1
1437,10255,1,20040604,33,34,18,3,1,135.00,135.00,5
1438,10255,2,20040604,63,34,18,3,2,37.63,75.26,5
1439,10256,1,20040608,19,35,19,3,2,93.49,186.98,2
1440,10256,2,20040608,20,35,19,3,1,52.83,52.83,2
1441,10257,1,20040614,35,36,20,3,1,92.19,92.19,1
1442,10257,2,20040614,36,36,20,3,3,59.34,178.02,1
1443,10257,3,20040614,38,36,20,3,2,83.78,167.56,1
1444,10257,4,20040614,43,36,20,3,5,91.27,456.35,1
1445,10257,5,20040614,81,36,20,3,4,81.81,327.24,1
1446,10258,1,20040615,2,37,21,3,6,177.87,1067.22,8
1447,10258,2,20040615,9,37,21,3,3,133.94,401.82,8
1448,10258,3,20040615,17,37,21,3,5,113.17,565.85,8
1449,10258,4,20040615,52,37,21,3,4,49.81,199.24,8
1450,10258,5,20040615,89,37,21,3,2,62.70,125.40,8
1451,10258,6,20040615,102,37,21,3,1,86.99,86.99,8
1452,10259,1,20040615,6,38,22,3,12,121.15,1453.80,2
1453,10259,2,20040615,15,38,22,3,4,117.32,469.28,2
1454,10259,3,20040615,26,38,22,3,3,134.26,402.78,2
1455,10259,4,20040615,28,38,22,3,7,120.28,841.96,2
1456,10259,5,20040615,30,38,22,3,10,59.55,595.50,2
1457,10259,6,20040615,40,38,22,3,8,152.41,1219.28,2
1458,10259,7,20040615,51,38,22,3,13,107.76,1400.88,2
1459,10259,8,20040615,56,38,22,3,1,46.82,46.82,2
1460,10259,9,20040615,64,38,22,3,9,121.40,1092.60,2
1461,10259,10,20040615,67,38,22,3,5,31.47,157.35,2
1462,10259,11,20040615,84,38,22,3,11,95.35,1048.85,2
1463,10259,12,20040615,87,38,22,3,6,45.99,275.94,2
1464,10259,13,20040615,93,38,22,3,2,105.33,210.66,2
1465,10260,1,20040616,8,39,23,3,5,180.79,903.95,1
1466,10260,2,20040616,11,39,23,3,6,140.50,843.00,1
1467,10260,3,20040616,13,39,23,3,4,169.56,678.24,1
1468,10260,4,20040616,39,39,23,3,1,121.57,121.57,1
1469,10260,5,20040616,41,39,23,3,3,92.77,278.31,1
1470,10260,6,20040616,48,39,23,3,8,137.88,1103.04,1
1471,10260,7,20040616,80,39,23,3,10,117.10,1171.00,1
1472,10260,8,20040616,88,39,23,3,9,55.30,497.70,1
1473,10260,9,20040616,94,39,23,3,7,56.24,393.68,1
1474,10260,10,20040616,98,39,23,3,2,80.55,161.10,1
1475,10261,1,20040617,5,40,1,3,1,116.96,116.96,5
1476,10261,2,20040617,50,40,1,3,9,80.75,726.75,5
1477,10261,3,20040617,62,40,1,3,8,105.69,845.52,5
1478,10261,4,20040617,71,40,1,3,3,79.66,238.98,5
1479,10261,5,20040617,96,40,1,3,4,64.00,256.00,5
1480,10261,6,20040617,101,40,1,3,2,58.55,117.10,5
1481,10261,7,20040617,105,40,1,3,5,89.15,445.75,5
1482,10261,8,20040617,106,40,1,3,6,88.39,530.34,5
1483,10261,9,20040617,109,40,1,3,7,43.68,305.76,5
1484,10262,1,20040624,22,41,2,1,9,157.69,1419.21,-2
1485,10262,2,20040624,37,41,2,1,15,81.72,1225.80,-2
1486,10262,3,20040624,47,41,2,1,14,85.75,1200.50,-2
1487,10262,4,20040624,59,41,2,1,1,98.48,98.48,-2
1488,10262,5,20040624,68,41,2,1,10,63.71,637.10,-2
1489,10262,6,20040624,74,41,2,1,11,65.75,723.25,-2
1490,10262,7,20040624,76,41,2,1,16,82.18,1314.88,-2
1491,10262,8,20040624,78,41,2,1,8,58.69,469.52,-2
1492,10262,9,20040624,90,41,2,1,2,63.97,127.94,-2
1493,10262,10,20040624,92,41,2,1,3,35.78,107.34,-2
1494,10262,11,20040624,97,41,2,1,4,87.69,350.76,-2
1495,10262,12,20040624,99,41,2,1,13,83.28,1082.64,-2
1496,10262,13,20040624,100,41,2,1,6,81.77,490.62,-2
1497,10262,14,20040624,104,41,2,1,5,64.80,324.00,-2
1498,10262,15,20040624,107,41,2,1,7,64.41,450.87,-2
1499,10262,16,20040624,108,41,2,1,12,41.71,500.52,-2
1500,10263,1,20040628,1,42,3,3,2,89.00,178.00,4
1501,10263,2,20040628,3,42,3,3,5,107.05,535.25,4
1502,10263,3,20040628,4,42,3,3,4,193.66,774.64,4
1503,10263,4,20040628,10,42,3,3,1,123.51,123.51,4
1504,10263,5,20040628,31,42,3,3,10,67.58,675.80,4
1505,10263,6,20040628,32,42,3,3,6,50.27,301.62,4
1506,10263,7,20040628,57,42,3,3,3,109.32,327.96,4
1507,10263,8,20040628,61,42,3,3,7,67.03,469.21,4
1508,10263,9,20040628,82,42,3,3,11,59.41,653.51,4
1509,10263,10,20040628,85,42,3,3,8,93.90,751.20,4
1510,10263,11,20040628,103,42,3,3,9,117.46,1057.14,4
1511,10264,1,20040630,46,43,4,3,3,58.44,175.32,1
1512,10264,2,20040630,53,43,4,3,2,124.99,249.98,1
1513,10264,3,20040630,65,43,4,3,6,61.64,369.84,1
1514,10264,4,20040630,83,43,4,3,1,75.18,75.18,1
1515,10264,5,20040630,86,43,4,3,4,39.02,156.08,1
1516,10264,6,20040630,91,43,4,3,7,100.01,700.07,1
1517,10264,7,20040630,95,43,4,3,5,67.53,337.65,1
1518,10265,1,20040702,42,44,5,3,2,74.78,149.56,5
1519,10265,2,20040702,44,44,5,3,1,123.47,123.47,5
1520,10266,1,20040706,7,45,6,3,14,188.73,2642.22,4
1521,10266,2,20040706,12,45,6,3,12,110.39,1324.68,4
1522,10266,3,20040706,14,45,6,3,15,67.83,1017.45,4
1523,10266,4,20040706,16,45,6,3,11,112.86,1241.46,4
1524,10266,5,20040706,18,45,6,3,6,131.63,789.78,4
1525,10266,6,20040706,21,45,6,3,2,99.55,199.10,4
1526,10266,7,20040706,24,45,6,3,10,77.00,770.00,4
1527,10266,8,20040706,25,45,6,3,5,139.41,697.05,4
1528,10266,9,20040706,34,45,6,3,3,113.52,340.56,4
1529,10266,10,20040706,40,45,6,3,7,137.17,960.19,4
1530,10266,11,20040706,45,45,6,3,4,127.15,508.60,4
1531,10266,12,20040706,58,45,6,3,1,40.25,40.25,4
1532,10266,13,20040706,70,45,6,3,8,35.12,280.96,4
1533,10266,14,20040706,73,45,6,3,13,56.33,732.29,4
1534,10266,15,20040706,77,45,6,3,9,119.37,1074.33,4
1535,10267,1,20040707,54,46,7,3,1,71.27,71.27,2
1536,10267,2,20040707,55,46,7,3,5,72.02,360.10,2
1537,10267,3,20040707,66,46,7,3,3,76.33,228.99,2
1538,10267,4,20040707,69,46,7,3,2,93.95,187.90,2
1539,10267,5,20040707,72,46,7,3,4,83.90,335.60,2
1540,10267,6,20040707,75,46,7,3,6,98.51,591.06,2
1541,10268,1,20040712,19,47,8,3,3,93.49,280.47,2
1542,10268,2,20040712,20,47,8,3,2,45.82,91.64,2
1543,10268,3,20040712,23,47,8,3,10,164.90,1649.00,2
1544,10268,4,20040712,27,47,8,3,9,60.54,544.86,2
1545,10268,5,20040712,29,47,8,3,7,124.59,872.13,2
1546,10268,6,20040712,33,47,8,3,4,148.50,594.00,2
1547,10268,7,20040712,43,47,8,3,1,96.23,96.23,2
1548,10268,8,20040712,49,47,8,3,11,84.67,931.37,2
1549,10268,9,20040712,60,47,8,3,6,31.86,191.16,2
1550,10268,10,20040712,63,47,8,3,5,36.29,181.45,2
1551,10268,11,20040712,79,47,8,3,8,37.75,302.00,2
1552,10269,1,20040716,36,48,9,3,1,57.46,57.46,2
1553,10269,2,20040716,81,48,9,3,2,95.44,190.88,2
1554,10270,1,20040719,2,49,10,3,9,171.44,1542.96,5
1555,10270,2,20040719,6,49,10,3,2,124.10,248.20,5
1556,10270,3,20040719,9,49,10,3,6,135.30,811.80,5
1557,10270,4,20040719,17,49,10,3,8,94.50,756.00,5
1558,10270,5,20040719,35,49,10,3,10,81.05,810.50,5
1559,10270,6,20040719,38,49,10,3,11,85.87,944.57,5
1560,10270,7,20040719,51,49,10,3,3,107.76,323.28,5
1561,10270,8,20040719,52,49,10,3,7,40.25,281.75,5
1562,10270,9,20040719,84,49,10,3,1,93.42,93.42,5
1563,10270,10,20040719,89,49,10,3,5,52.36,261.80,5
1564,10270,11,20040719,102,49,10,3,4,101.15,404.60,5
1565,10271,1,20040720,15,50,11,3,5,99.54,497.70,3
1566,10271,2,20040720,26,50,11,3,4,147.36,589.44,3
1567,10271,3,20040720,28,50,11,3,8,121.50,972.00,3
1568,10271,4,20040720,30,50,11,3,11,59.55,655.05,3
1569,10271,5,20040720,40,50,11,3,9,169.34,1524.06,3
1570,10271,6,20040720,56,50,11,3,2,49.71,99.42,3
1571,10271,7,20040720,64,50,11,3,10,122.68,1226.80,3
1572,10271,8,20040720,67,50,11,3,6,28.64,171.84,3
1573,10271,9,20040720,80,50,11,3,1,110.00,110.00,3
1574,10271,10,20040720,87,50,11,3,7,51.95,363.65,3
1575,10271,11,20040720,93,50,11,3,3,93.76,281.28,3
1576,10272,1,20040720,8,51,12,3,2,187.02,374.04,2
1577,10272,2,20040720,11,51,12,3,3,123.89,371.67,2
1578,10272,3,20040720,13,51,12,3,1,148.80,148.80,2
1579,10272,4,20040720,48,51,12,3,5,126.39,631.95,2
1580,10272,5,20040720,88,51,12,3,6,56.55,339.30,2
1581,10272,6,20040720,94,51,12,3,4,53.89,215.56,2
1582,10273,1,20040721,5,52,13,3,4,136.00,544.00,1
1583,10273,2,20040721,37,52,13,3,2,84.30,168.60,1
1584,10273,3,20040721,39,52,13,3,13,117.47,1527.11,1
1585,10273,4,20040721,41,52,13,3,15,87.73,1315.95,1
1586,10273,5,20040721,47,52,13,3,1,105.87,105.87,1
1587,10273,6,20040721,50,52,13,3,12,72.85,874.20,1
1588,10273,7,20040721,62,52,13,3,11,103.23,1135.53,1
1589,10273,8,20040721,71,52,13,3,6,84.08,504.48,1
1590,10273,9,20040721,76,52,13,3,3,83.86,251.58,1
1591,10273,10,20040721,96,52,13,3,7,66.00,462.00,1
1592,10273,11,20040721,98,52,13,3,14,77.95,1091.30,1
1593,10273,12,20040721,101,52,13,3,5,57.82,289.10,1
1594,10273,13,20040721,105,52,13,3,8,91.15,729.20,1
1595,10273,14,20040721,106,52,13,3,9,89.38,804.42,1
1596,10273,15,20040721,109,52,13,3,10,51.32,513.20,1
1597,10274,1,20040721,22,53,14,3,1,129.31,129.31,1
1598,10274,2,20040721,68,53,14,3,2,56.86,113.72,1
1599,10274,3,20040721,74,53,14,3,3,65.09,195.27,1
1600,10274,4,20040721,99,53,14,3,5,75.13,375.65,1
1601,10274,5,20040721,108,53,14,3,4,49.66,198.64,1
1602,10275,1,20040723,1,54,15,3,1,81.35,81.35,6
1603,10275,2,20040723,3,54,15,3,4,115.37,461.48,6
1604,10275,3,20040723,4,54,15,3,3,154.93,464.79,6
1605,10275,4,20040723,31,54,15,3,9,70.12,631.08,6
1606,10275,5,20040723,32,54,15,3,5,52.09,260.45,6
1607,10275,6,20040723,57,54,15,3,2,105.94,211.88,6
1608,10275,7,20040723,59,54,15,3,11,97.38,1071.18,6
1609,10275,8,20040723,61,54,15,3,6,61.70,370.20,6
1610,10275,9,20040723,78,54,15,3,18,58.00,1044.00,6
1611,10275,10,20040723,82,54,15,3,10,67.38,673.80,6
1612,10275,11,20040723,85,54,15,3,7,89.90,629.30,6
1613,10275,12,20040723,90,54,15,3,12,58.47,701.64,6
1614,10275,13,20040723,92,54,15,3,13,40.15,521.95,6
1615,10275,14,20040723,97,54,15,3,14,85.86,1202.04,6
1616,10275,15,20040723,100,54,15,3,16,82.77,1324.32,6
1617,10275,16,20040723,103,54,15,3,8,102.04,816.32,6
1618,10275,17,20040723,104,54,15,3,15,72.00,1080.00,6
1619,10275,18,20040723,107,54,15,3,17,59.96,1019.32,6
1620,10276,1,20040802,7,55,16,3,3,184.84,554.52,6
1621,10276,2,20040802,10,55,16,3,14,150.62,2108.68,6
1622,10276,3,20040802,12,55,16,3,1,104.52,104.52,6
1623,10276,4,20040802,14,55,16,3,4,67.83,271.32,6
1624,10276,5,20040802,42,55,16,3,6,78.00,468.00,6
1625,10276,6,20040802,44,55,16,3,5,139.64,698.20,6
1626,10276,7,20040802,46,55,16,3,9,54.71,492.39,6
1627,10276,8,20040802,53,55,16,3,8,120.53,964.24,6
1628,10276,9,20040802,65,55,16,3,12,61.64,739.68,6
1629,10276,10,20040802,73,55,16,3,2,58.17,116.34,6
1630,10276,11,20040802,83,55,16,3,7,67.10,469.70,6
1631,10276,12,20040802,86,55,16,3,10,35.40,354.00,6
1632,10276,13,20040802,91,55,16,3,13,94.91,1233.83,6
1633,10276,14,20040802,95,55,16,3,11,67.53,742.83,6
1634,10277,1,20040804,16,56,17,3,1,93.28,93.28,1
1635,10278,1,20040806,18,57,18,3,6,114.65,687.90,3
1636,10278,2,20040806,21,57,18,3,2,107.02,214.04,3
1637,10278,3,20040806,24,57,18,3,10,73.15,731.50,3
1638,10278,4,20040806,25,57,18,3,5,118.07,590.35,3
1639,10278,5,20040806,34,57,18,3,3,117.48,352.44,3
1640,10278,6,20040806,40,57,18,3,7,167.65,1173.55,3
1641,10278,7,20040806,45,57,18,3,4,114.44,457.76,3
1642,10278,8,20040806,58,57,18,3,1,48.80,48.80,3
1643,10278,9,20040806,70,57,18,3,8,37.38,299.04,3
1644,10278,10,20040806,77,57,18,3,9,136.22,1225.98,3
1645,10279,1,20040809,54,58,19,3,1,68.42,68.42,6
1646,10279,2,20040809,55,58,19,3,5,68.35,341.75,6
1647,10279,3,20040809,66,58,19,3,3,76.33,228.99,6
1648,10279,4,20040809,69,58,19,3,2,106.87,213.74,6
1649,10279,5,20040809,72,58,19,3,4,78.76,315.04,6
1650,10279,6,20040809,75,58,19,3,6,95.30,571.80,6
1651,10280,1,20040817,2,59,20,3,2,205.73,411.46,2
1652,10280,2,20040817,17,59,20,3,1,98.00,98.00,2
1653,10280,3,20040817,19,59,20,3,9,87.33,785.97,2
1654,10280,4,20040817,20,59,20,3,8,47.44,379.52,2
1655,10280,5,20040817,23,59,20,3,16,161.50,2584.00,2
1656,10280,6,20040817,27,59,20,3,15,53.28,799.20,2
1657,10280,7,20040817,29,59,20,3,13,109.33,1421.29,2
1658,10280,8,20040817,33,59,20,3,10,158.63,1586.30,2
1659,10280,9,20040817,35,59,20,3,3,82.06,246.18,2
1660,10280,10,20040817,36,59,20,3,5,54.34,271.70,2
1661,10280,11,20040817,38,59,20,3,4,102.63,410.52,2
1662,10280,12,20040817,43,59,20,3,7,99.21,694.47,2
1663,10280,13,20040817,49,59,20,3,17,77.31,1314.27,2
1664,10280,14,20040817,60,59,20,3,12,29.87,358.44,2
1665,10280,15,20040817,63,59,20,3,11,36.29,399.19,2
1666,10280,16,20040817,79,59,20,3,14,35.29,494.06,2
1667,10280,17,20040817,81,59,20,3,6,79.86,479.16,2
1668,10281,1,20040819,6,60,21,3,9,132.97,1196.73,4
1669,10281,2,20040819,9,60,21,3,13,127.10,1652.30,4
1670,10281,3,20040819,15,60,21,3,1,98.36,98.36,4
1671,10281,4,20040819,28,60,21,3,4,114.14,456.56,4
1672,10281,5,20040819,30,60,21,3,7,56.52,395.64,4
1673,10281,6,20040819,40,60,21,3,5,135.47,677.35,4
1674,10281,7,20040819,51,60,21,3,10,96.86,968.60,4
1675,10281,8,20040819,52,60,21,3,14,42.76,598.64,4
1676,10281,9,20040819,64,60,21,3,6,112.46,674.76,4
1677,10281,10,20040819,67,60,21,3,2,33.95,67.90,4
1678,10281,11,20040819,84,60,21,3,8,80.90,647.20,4
1679,10281,12,20040819,87,60,21,3,3,44.91,134.73,4
1680,10281,13,20040819,89,60,21,3,12,59.47,713.64,4
1681,10281,14,20040819,102,60,21,3,11,89.01,979.11,4
1682,10282,1,20040820,8,61,22,3,5,176.63,883.15,2
1683,10282,2,20040820,11,61,22,3,6,142.02,852.12,2
1684,10282,3,20040820,13,61,22,3,4,169.56,678.24,2
1685,10282,4,20040820,26,61,22,3,13,147.36,1915.68,2
1686,10282,5,20040820,39,61,22,3,1,122.93,122.93,2
1687,10282,6,20040820,41,61,22,3,3,88.74,266.22,2
1688,10282,7,20040820,48,61,22,3,8,132.13,1057.04,2
1689,10282,8,20040820,56,61,22,3,11,49.71,546.81,2
1690,10282,9,20040820,80,61,22,3,10,96.99,969.90,2
1691,10282,10,20040820,88,61,22,3,9,51.58,464.22,2
1692,10282,11,20040820,93,61,22,3,12,114.59,1375.08,2
1693,10282,12,20040820,94,61,22,3,7,56.24,393.68,2
1694,10282,13,20040820,98,61,22,3,2,77.95,155.90,2
1695,10283,1,20040820,5,62,23,3,6,130.56,783.36,3
1696,10283,2,20040820,37,62,23,3,4,78.28,313.12,3
1697,10283,3,20040820,47,62,23,3,3,100.58,301.74,3
1698,10283,4,20040820,50,62,23,3,14,71.97,1007.58,3
1699,10283,5,20040820,62,62,23,3,13,99.54,1294.02,3
1700,10283,6,20040820,71,62,23,3,8,80.54,644.32,3
1701,10283,7,20040820,76,62,23,3,5,77.15,385.75,3
1702,10283,8,20040820,96,62,23,3,9,62.00,558.00,3
1703,10283,9,20040820,99,62,23,3,2,74.23,148.46,3
1704,10283,10,20040820,101,62,23,3,7,68.67,480.69,3
1705,10283,11,20040820,105,62,23,3,10,88.15,881.50,3
1706,10283,12,20040820,106,62,23,3,11,85.41,939.51,3
1707,10283,13,20040820,108,62,23,3,1,41.22,41.22,3
1708,10283,14,20040820,109,62,23,3,12,49.14,589.68,3
1709,10284,1,20040821,22,63,1,3,11,137.19,1509.09,5
1710,10284,2,20040821,31,63,1,3,1,68.43,68.43,5
1711,10284,3,20040821,59,63,1,3,3,101.76,305.28,5
1712,10284,4,20040821,68,63,1,3,12,65.08,780.96,5
1713,10284,5,20040821,74,63,1,3,13,59.83,777.79,5
1714,10284,6,20040821,78,63,1,3,10,65.51,655.10,5
1715,10284,7,20040821,82,63,1,3,2,66.65,133.30,5
1716,10284,8,20040821,90,63,1,3,4,60.54,242.16,5
1717,10284,9,20040821,92,63,1,3,5,35.78,178.90,5
1718,10284,10,20040821,97,63,1,3,6,87.69,526.14,5
1719,10284,11,20040821,100,63,1,3,8,95.73,765.84,5
1720,10284,12,20040821,104,63,1,3,7,68.00,476.00,5
1721,10284,13,20040821,107,63,1,3,9,73.29,659.61,5
1722,10285,1,20040827,1,64,2,3,6,95.70,574.20,4
1723,10285,2,20040827,3,64,2,3,9,110.61,995.49,4
1724,10285,3,20040827,4,64,2,3,8,166.55,1332.40,4
1725,10285,4,20040827,10,64,2,3,5,131.04,655.20,4
1726,10285,5,20040827,32,64,2,3,10,50.88,508.80,4
1727,10285,6,20040827,57,64,2,3,7,91.29,639.03,4
1728,10285,7,20040827,61,64,2,3,11,61.70,678.70,4
1729,10285,8,20040827,65,64,2,3,3,64.41,193.23,4
1730,10285,9,20040827,85,64,2,3,12,82.91,994.92,4
1731,10285,10,20040827,86,64,2,3,1,36.61,36.61,4
1732,10285,11,20040827,91,64,2,3,4,100.01,400.04,4
1733,10285,12,20040827,95,64,2,3,2,76.48,152.96,4
1734,10285,13,20040827,103,64,2,3,13,102.04,1326.52,4
1735,10286,1,20040828,46,65,3,3,1,51.60,51.60,4
1736,10287,1,20040830,7,66,4,3,12,190.68,2288.16,2
1737,10287,2,20040830,12,66,4,3,10,117.44,1174.40,2
1738,10287,3,20040830,14,66,4,3,13,74.21,964.73,2
1739,10287,4,20040830,16,66,4,3,9,107.10,963.90,2
1740,10287,5,20040830,18,66,4,3,4,113.23,452.92,2
1741,10287,6,20040830,24,66,4,3,8,61.60,492.80,2
1742,10287,7,20040830,25,66,4,3,3,123.76,371.28,2
1743,10287,8,20040830,34,66,4,3,1,114.84,114.84,2
1744,10287,9,20040830,40,66,4,3,5,137.17,685.85,2
1745,10287,10,20040830,42,66,4,3,15,68.35,1025.25,2
1746,10287,11,20040830,44,66,4,3,14,127.88,1790.32,2
1747,10287,12,20040830,45,66,4,3,2,139.87,279.74,2
1748,10287,13,20040830,53,66,4,3,17,119.04,2023.68,2
1749,10287,14,20040830,70,66,4,3,6,31.34,188.04,2
1750,10287,15,20040830,73,66,4,3,11,58.17,639.87,2
1751,10287,16,20040830,77,66,4,3,7,137.62,963.34,2
1752,10287,17,20040830,83,66,4,3,16,79.22,1267.52,2
1753,10288,1,20040901,21,67,5,3,14,120.71,1689.94,4
1754,10288,2,20040901,23,67,5,3,5,168.30,841.50,4
1755,10288,3,20040901,27,67,5,3,4,50.25,201.00,4
1756,10288,4,20040901,29,67,5,3,2,102.98,205.96,4
1757,10288,5,20040901,49,67,5,3,6,90.19,541.14,4
1758,10288,6,20040901,54,67,5,3,7,57.02,399.14,4
1759,10288,7,20040901,55,67,5,3,11,66.88,735.68,4
1760,10288,8,20040901,58,67,5,3,13,49.30,640.90,4
1761,10288,9,20040901,60,67,5,3,1,32.19,32.19,4
1762,10288,10,20040901,66,67,5,3,9,81.78,736.02,4
1763,10288,11,20040901,69,67,5,3,8,109.22,873.76,4
1764,10288,12,20040901,72,67,5,3,10,76.19,761.90,4
1765,10288,13,20040901,75,67,5,3,12,101.73,1220.76,4
1766,10288,14,20040901,79,67,5,3,3,37.75,113.25,4
1767,10289,1,20040903,19,68,6,3,2,92.47,184.94,1
1768,10289,2,20040903,20,68,6,3,1,44.75,44.75,1
1769,10289,3,20040903,33,68,6,3,3,141.75,425.25,1
1770,10289,4,20040903,63,68,6,3,4,41.22,164.88,1
1771,10290,1,20040907,43,69,7,3,2,80.36,160.72,6
1772,10290,2,20040907,81,69,7,3,1,83.76,83.76,6
1773,10291,1,20040908,2,70,8,3,11,210.01,2310.11,6
1774,10291,2,20040908,6,70,8,3,4,141.83,567.32,6
1775,10291,3,20040908,9,70,8,3,8,123.00,984.00,6
1776,10291,4,20040908,17,70,8,3,10,96.84,968.40,6
1777,10291,5,20040908,30,70,8,3,2,52.26,104.52,6
1778,10291,6,20040908,35,70,8,3,12,99.28,1191.36,6
1779,10291,7,20040908,36,70,8,3,14,56.21,786.94,6
1780,10291,8,20040908,38,70,8,3,13,93.20,1211.60,6
1781,10291,9,20040908,51,70,8,3,5,96.86,484.30,6
1782,10291,10,20040908,52,70,8,3,9,45.28,407.52,6
1783,10291,11,20040908,64,70,8,3,1,109.90,109.90,6
1784,10291,12,20040908,84,70,8,3,3,82.83,248.49,6
1785,10291,13,20040908,89,70,8,3,7,53.00,371.00,6
1786,10291,14,20040908,102,70,8,3,6,86.99,521.94,6
1787,10292,1,20040908,15,71,9,3,8,94.80,758.40,3
1788,10292,2,20040908,26,71,9,3,7,140.81,985.67,3
1789,10292,3,20040908,28,71,9,3,11,103.09,1133.99,3
1790,10292,4,20040908,40,71,9,3,12,147.33,1767.96,3
1791,10292,5,20040908,48,71,9,3,2,114.90,229.80,3
1792,10292,6,20040908,56,71,9,3,5,48.55,242.75,3
1793,10292,7,20040908,67,71,9,3,9,34.30,308.70,3
1794,10292,8,20040908,80,71,9,3,4,113.55,454.20,3
1795,10292,9,20040908,87,71,9,3,10,54.11,541.10,3
1796,10292,10,20040908,88,71,9,3,3,59.65,178.95,3
1797,10292,11,20040908,93,71,9,3,6,113.44,680.64,3
1798,10292,12,20040908,94,71,9,3,1,49.79,49.79,3
1799,10293,1,20040909,8,72,10,3,8,187.02,1496.16,5
1800,10293,2,20040909,11,72,10,3,9,129.93,1169.37,5
1801,10293,3,20040909,13,72,10,3,7,171.29,1199.03,5
1802,10293,4,20040909,39,72,10,3,4,110.64,442.56,5
1803,10293,5,20040909,41,72,10,3,6,91.76,550.56,5
1804,10293,6,20040909,50,72,10,3,3,72.85,218.55,5
1805,10293,7,20040909,62,72,10,3,2,111.83,223.66,5
1806,10293,8,20040909,98,72,10,3,5,77.95,389.75,5
1807,10293,9,20040909,109,72,10,3,1,51.32,51.32,5
1808,10294,1,20040910,106,73,11,3,1,98.32,98.32,4
1809,10295,1,20040910,5,74,12,3,1,136.00,136.00,4
1810,10295,2,20040910,71,74,12,3,3,84.08,252.24,4
1811,10295,3,20040910,96,74,12,3,4,62.00,248.00,4
1812,10295,4,20040910,101,74,12,3,2,71.56,143.12,4
1813,10295,5,20040910,105,74,12,3,5,93.16,465.80,4
1814,10296,1,20040915,22,75,13,3,7,146.65,1026.55,1
1815,10296,2,20040915,37,75,13,3,13,69.68,905.84,1
1816,10296,3,20040915,47,75,13,3,12,105.87,1270.44,1
1817,10296,4,20040915,68,75,13,3,8,60.97,487.76,1
1818,10296,5,20040915,74,75,13,3,9,63.78,574.02,1
1819,10296,6,20040915,76,75,13,3,14,83.02,1162.28,1
1820,10296,7,20040915,78,75,13,3,6,63.46,380.76,1
1821,10296,8,20040915,92,75,13,3,1,41.02,41.02,1
1822,10296,9,20040915,97,75,13,3,2,75.81,151.62,1
1823,10296,10,20040915,99,75,13,3,11,89.61,985.71,1
1824,10296,11,20040915,100,75,13,3,4,96.73,386.92,1
1825,10296,12,20040915,104,75,13,3,3,74.40,223.20,1
1826,10296,13,20040915,107,75,13,3,5,61.44,307.20,1
1827,10296,14,20040915,108,75,13,3,10,46.68,466.80,1
1828,10297,1,20040916,31,76,14,3,4,81.95,327.80,5
1829,10297,2,20040916,59,76,14,3,6,107.23,643.38,5
1830,10297,3,20040916,61,76,14,3,1,70.08,70.08,5
1831,10297,4,20040916,82,76,14,3,5,71.73,358.65,5
1832,10297,5,20040916,85,76,14,3,2,88.90,177.80,5
1833,10297,6,20040916,90,76,14,3,7,63.29,443.03,5
1834,10297,7,20040916,103,76,14,3,3,111.53,334.59,5
1835,10298,1,20040927,3,77,15,3,1,105.86,105.86,4
1836,10298,2,20040927,32,77,15,3,2,60.57,121.14,4
1837,10299,1,20040930,1,78,16,3,9,76.56,689.04,1
1838,10299,2,20040930,4,78,16,3,11,164.61,1810.71,1
1839,10299,3,20040930,10,78,16,3,8,123.51,988.08,1
1840,10299,4,20040930,46,78,16,3,3,62.17,186.51,1
1841,10299,5,20040930,53,78,16,3,2,119.04,238.08,1
1842,10299,6,20040930,57,78,16,3,10,107.07,1070.70,1
1843,10299,7,20040930,65,78,16,3,6,58.87,353.22,1
1844,10299,8,20040930,83,78,16,3,1,66.29,66.29,1
1845,10299,9,20040930,86,78,16,3,4,36.21,144.84,1
1846,10299,10,20040930,91,78,16,3,7,84.70,592.90,1
1847,10299,11,20040930,95,78,16,3,5,77.29,386.45,1
1848,10300,1,20031004,7,79,17,3,5,184.84,924.20,5
1849,10300,2,20031004,12,79,17,3,3,116.27,348.81,5
1850,10300,3,20031004,14,79,17,3,6,76.61,459.66,5
1851,10300,4,20031004,16,79,17,3,2,95.58,191.16,5
1852,10300,5,20031004,24,79,17,3,1,63.14,63.14,5
1853,10300,6,20031004,42,79,17,3,8,65.94,527.52,5
1854,10300,7,20031004,44,79,17,3,7,144.05,1008.35,5
1855,10300,8,20031004,73,79,17,3,4,52.05,208.20,5
1856,10301,1,20031005,18,80,18,3,8,114.65,917.20,3
1857,10301,2,20031005,21,80,18,3,4,118.22,472.88,3
1858,10301,3,20031005,25,80,18,3,7,119.49,836.43,3
1859,10301,4,20031005,34,80,18,3,5,113.52,567.60,3
1860,10301,5,20031005,40,80,18,3,9,135.47,1219.23,3
1861,10301,6,20031005,45,80,18,3,6,137.04,822.24,3
1862,10301,7,20031005,55,80,18,3,1,64.67,64.67,3
1863,10301,8,20031005,58,80,18,3,3,40.75,122.25,3
1864,10301,9,20031005,70,80,18,3,10,32.10,321.00,3
1865,10301,10,20031005,75,80,18,3,2,86.73,173.46,3
1866,10301,11,20031005,77,80,18,3,11,122.17,1343.87,3
1867,10302,1,20031006,23,81,19,3,1,166.60,166.60,1
1868,10302,2,20031006,49,81,19,3,2,82.83,165.66,1
1869,10302,3,20031006,54,81,19,3,3,70.56,211.68,1
1870,10302,4,20031006,66,81,19,3,5,75.42,377.10,1
1871,10302,5,20031006,69,81,19,3,4,104.52,418.08,1
1872,10302,6,20031006,72,81,19,3,6,74.48,446.88,1
1873,10303,1,20041006,27,82,20,3,2,56.91,113.82,3
1874,10303,2,20041006,79,82,20,3,1,35.70,35.70,3
1875,10304,1,20041011,2,83,21,3,6,201.44,1208.64,6
1876,10304,2,20041011,9,83,21,3,3,117.54,352.62,6
1877,10304,3,20041011,17,83,21,3,5,106.17,530.85,6
1878,10304,4,20041011,19,83,21,3,13,95.55,1242.15,6
1879,10304,5,20041011,20,83,21,3,12,46.90,562.80,6
1880,10304,6,20041011,29,83,21,3,17,102.98,1750.66,6
1881,10304,7,20041011,33,83,21,3,14,141.75,1984.50,6
1882,10304,8,20041011,35,83,21,3,7,98.27,687.89,6
1883,10304,9,20041011,36,83,21,3,9,54.34,489.06,6
1884,10304,10,20041011,38,83,21,3,8,90.06,720.48,6
1885,10304,11,20041011,43,83,21,3,11,95.24,1047.64,6
1886,10304,12,20041011,52,83,21,3,4,44.27,177.08,6
1887,10304,13,20041011,60,83,21,3,16,29.21,467.36,6
1888,10304,14,20041011,63,83,21,3,15,42.11,631.65,6
1889,10304,15,20041011,81,83,21,3,10,80.83,808.30,6
1890,10304,16,20041011,89,83,21,3,2,52.36,104.72,6
1891,10304,17,20041011,102,83,21,3,1,80.92,80.92,6
1892,10305,1,20041013,6,84,22,3,13,130.01,1690.13,2
1893,10305,2,20041013,15,84,22,3,5,107.84,539.20,2
1894,10305,3,20041013,26,84,22,3,4,132.62,530.48,2
1895,10305,4,20041013,28,84,22,3,8,117.82,942.56,2
1896,10305,5,20041013,30,84,22,3,11,58.95,648.45,2
1897,10305,6,20041013,40,84,22,3,9,160.87,1447.83,2
1898,10305,7,20041013,51,84,22,3,14,112.60,1576.40,2
1899,10305,8,20041013,56,84,22,3,2,48.55,97.10,2
1900,10305,9,20041013,64,84,22,3,10,107.34,1073.40,2
1901,10305,10,20041013,67,84,22,3,6,30.76,184.56,2
1902,10305,11,20041013,80,84,22,3,1,118.28,118.28,2
1903,10305,12,20041013,84,84,22,3,12,94.38,1132.56,2
1904,10305,13,20041013,87,84,22,3,7,48.70,340.90,2
1905,10305,14,20041013,93,84,22,3,3,109.96,329.88,2
1906,10306,1,20041014,8,85,23,3,13,182.86,2377.18,3
1907,10306,2,20041014,11,85,23,3,14,145.04,2030.56,3
1908,10306,3,20041014,13,85,23,3,12,145.34,1744.08,3
1909,10306,4,20041014,39,85,23,3,9,114.74,1032.66,3
1910,10306,5,20041014,41,85,23,3,11,83.70,920.70,3
1911,10306,6,20041014,48,85,23,3,16,126.39,2022.24,3
1912,10306,7,20041014,50,85,23,3,8,85.14,681.12,3
1913,10306,8,20041014,62,85,23,3,7,109.37,765.59,3
1914,10306,9,20041014,71,85,23,3,2,76.12,152.24,3
1915,10306,10,20041014,88,85,23,3,17,60.28,1024.76,3
1916,10306,11,20041014,94,85,23,3,15,51.55,773.25,3
1917,10306,12,20041014,96,85,23,3,3,61.34,184.02,3
1918,10306,13,20041014,98,85,23,3,10,73.62,736.20,3
1919,10306,14,20041014,101,85,23,3,1,62.16,62.16,3
1920,10306,15,20041014,105,85,23,3,4,99.17,396.68,3
1921,10306,16,20041014,106,85,23,3,5,87.39,436.95,3
1922,10306,17,20041014,109,85,23,3,6,48.05,288.30,3
1923,10307,1,20041014,5,86,1,3,9,118.32,1064.88,6
1924,10307,2,20041014,22,86,1,3,1,135.61,135.61,6
1925,10307,3,20041014,37,86,1,3,7,71.40,499.80,6
1926,10307,4,20041014,47,86,1,3,6,92.11,552.66,6
1927,10307,5,20041014,68,86,1,3,2,58.23,116.46,6
1928,10307,6,20041014,74,86,1,3,3,64.44,193.32,6
1929,10307,7,20041014,76,86,1,3,8,75.47,603.76,6
1930,10307,8,20041014,99,86,1,3,5,81.47,407.35,6
1931,10307,9,20041014,108,86,1,3,4,44.20,176.80,6
1932,10308,1,20041015,3,87,2,3,2,115.37,230.74,5
1933,10308,2,20041015,4,87,2,3,1,187.85,187.85,5
1934,10308,3,20041015,31,87,2,3,7,81.95,573.65,5
1935,10308,4,20041015,32,87,2,3,3,48.46,145.38,5
1936,10308,5,20041015,59,87,2,3,9,99.57,896.13,5
1937,10308,6,20041015,61,87,2,3,4,68.55,274.20,5
1938,10308,7,20041015,78,87,2,3,16,58.00,928.00,5
1939,10308,8,20041015,82,87,2,3,8,71.73,573.84,5
1940,10308,9,20041015,85,87,2,3,5,99.89,499.45,5
1941,10308,10,20041015,90,87,2,3,10,61.22,612.20,5
1942,10308,11,20041015,92,87,2,3,11,37.09,407.99,5
1943,10308,12,20041015,97,87,2,3,12,73.07,876.84,5
1944,10308,13,20041015,100,87,2,3,14,88.75,1242.50,5
1945,10308,14,20041015,103,87,2,3,6,100.85,605.10,5
1946,10308,15,20041015,104,87,2,3,13,79.20,1029.60,5
1947,10308,16,20041015,107,87,2,3,15,62.93,943.95,5
1948,10309,1,20041015,1,88,3,3,5,94.74,473.70,3
1949,10309,2,20041015,10,88,3,3,4,144.60,578.40,3
1950,10309,3,20041015,57,88,3,3,6,96.92,581.52,3
1951,10309,4,20041015,65,88,3,3,2,59.56,119.12,3
1952,10309,5,20041015,91,88,3,3,3,93.89,281.67,3
1953,10309,6,20041015,95,88,3,3,1,74.04,74.04,3
1954,10310,1,20041016,7,89,4,3,10,165.38,1653.80,2
1955,10310,2,20041016,12,89,4,3,8,105.70,845.60,2
1956,10310,3,20041016,14,89,4,3,11,77.41,851.51,2
1957,10310,4,20041016,16,89,4,3,7,101.34,709.38,2
1958,10310,5,20041016,18,89,4,3,2,128.80,257.60,2
1959,10310,6,20041016,24,89,4,3,6,66.99,401.94,2
1960,10310,7,20041016,25,89,4,3,1,129.45,129.45,2
1961,10310,8,20041016,40,89,4,3,3,159.18,477.54,2
1962,10310,9,20041016,42,89,4,3,13,70.76,919.88,2
1963,10310,10,20041016,44,89,4,3,12,122.00,1464.00,2
1964,10310,11,20041016,46,89,4,3,16,59.06,944.96,2
1965,10310,12,20041016,53,89,4,3,15,133.92,2008.80,2
1966,10310,13,20041016,70,89,4,3,4,33.23,132.92,2
1967,10310,14,20041016,73,89,4,3,9,50.21,451.89,2
1968,10310,15,20041016,77,89,4,3,5,139.03,695.15,2
1969,10310,16,20041016,83,89,4,3,14,75.18,1052.52,2
1970,10310,17,20041016,86,89,4,3,17,38.62,656.54,2
1971,10311,1,20041016,21,90,5,3,9,124.44,1119.96,4
1972,10311,2,20041016,34,90,5,3,10,114.84,1148.40,4
1973,10311,3,20041016,45,90,5,3,11,134.22,1476.42,4
1974,10311,4,20041016,49,90,5,3,1,92.03,92.03,4
1975,10311,5,20041016,54,90,5,3,2,66.99,133.98,4
1976,10311,6,20041016,55,90,5,3,6,70.55,423.30,4
1977,10311,7,20041016,58,90,5,3,8,48.80,390.40,4
1978,10311,8,20041016,66,90,5,3,4,89.05,356.20,4
1979,10311,9,20041016,69,90,5,3,3,116.27,348.81,4
1980,10311,10,20041016,72,90,5,3,5,85.61,428.05,4
1981,10311,11,20041016,75,90,5,3,7,91.02,637.14,4
1982,10312,1,20041021,2,91,6,3,3,214.30,642.90,2
1983,10312,2,20041021,17,91,6,3,2,101.50,203.00,2
1984,10312,3,20041021,19,91,6,3,10,102.74,1027.40,2
1985,10312,4,20041021,20,91,6,3,9,43.67,393.03,2
1986,10312,5,20041021,23,91,6,3,17,146.20,2485.40,2
1987,10312,6,20041021,27,91,6,3,16,48.43,774.88,2
1988,10312,7,20041021,29,91,6,3,14,111.87,1566.18,2
1989,10312,8,20041021,33,91,6,3,11,150.19,1652.09,2
1990,10312,9,20041021,35,91,6,3,4,91.18,364.72,2
1991,10312,10,20041021,36,91,6,3,6,54.34,326.04,2
1992,10312,11,20041021,38,91,6,3,5,93.20,466.00,2
1993,10312,12,20041021,43,91,6,3,8,84.33,674.64,2
1994,10312,13,20041021,52,91,6,3,1,44.27,44.27,2
1995,10312,14,20041021,60,91,6,3,13,27.88,362.44,2
1996,10312,15,20041021,63,91,6,3,12,43.46,521.52,2
1997,10312,16,20041021,79,91,6,3,15,40.21,603.15,2
1998,10312,17,20041021,81,91,6,3,7,96.42,674.94,2
1999,10313,1,20041022,6,92,7,3,7,141.83,992.81,3
2000,10313,2,20041022,9,92,7,3,11,131.20,1443.20,3
2001,10313,3,20041022,28,92,7,3,2,109.23,218.46,3
2002,10313,4,20041022,30,92,7,3,5,52.87,264.35,3
2003,10313,5,20041022,40,92,7,3,3,143.94,431.82,3
2004,10313,6,20041022,51,92,7,3,8,110.18,881.44,3
2005,10313,7,20041022,64,92,7,3,4,102.23,408.92,3
2006,10313,8,20041022,84,92,7,3,6,96.31,577.86,3
2007,10313,9,20041022,87,92,7,3,1,48.70,48.70,3
2008,10313,10,20041022,89,92,7,3,10,55.59,555.90,3
2009,10313,11,20041022,102,92,7,3,9,96.09,864.81,3
2010,10314,1,20041022,8,93,8,3,5,176.63,883.15,1
2011,10314,2,20041022,11,93,8,3,6,125.40,752.40,1
2012,10314,3,20041022,13,93,8,3,4,169.56,678.24,1
2013,10314,4,20041022,15,93,8,3,14,95.99,1343.86,1
2014,10314,5,20041022,26,93,8,3,13,135.90,1766.70,1
2015,10314,6,20041022,39,93,8,3,1,129.76,129.76,1
2016,10314,7,20041022,41,93,8,3,3,84.71,254.13,1
2017,10314,8,20041022,48,93,8,3,8,129.26,1034.08,1
2018,10314,9,20041022,56,93,8,3,11,51.44,565.84,1
2019,10314,10,20041022,67,93,8,3,15,31.82,477.30,1
2020,10314,11,20041022,80,93,8,3,10,111.18,1111.80,1
2021,10314,12,20041022,88,93,8,3,9,58.41,525.69,1
2022,10314,13,20041022,93,93,8,3,12,115.75,1389.00,1
2023,10314,14,20041022,94,93,8,3,7,50.38,352.66,1
2024,10314,15,20041022,98,93,8,3,2,83.15,166.30,1
2025,10315,1,20041029,50,94,9,3,7,78.12,546.84,1
2026,10315,2,20041029,62,94,9,3,6,111.83,670.98,1
2027,10315,3,20041029,71,94,9,3,1,78.77,78.77,1
2028,10315,4,20041029,96,94,9,3,2,60.67,121.34,1
2029,10315,5,20041029,105,94,9,3,3,99.17,297.51,1
2030,10315,6,20041029,106,94,9,3,4,88.39,353.56,1
2031,10315,7,20041029,109,94,9,3,5,51.32,256.60,1
2032,10316,1,20041101,5,95,10,3,17,126.48,2150.16,6
2033,10316,2,20041101,22,95,10,3,9,140.34,1263.06,6
2034,10316,3,20041101,37,95,10,3,15,72.26,1083.90,6
2035,10316,4,20041101,47,95,10,3,14,89.99,1259.86,6
2036,10316,5,20041101,59,95,10,3,1,93.01,93.01,6
2037,10316,6,20041101,68,95,10,3,10,67.14,671.40,6
2038,10316,7,20041101,74,95,10,3,11,55.23,607.53,6
2039,10316,8,20041101,76,95,10,3,16,77.15,1234.40,6
2040,10316,9,20041101,78,95,10,3,8,67.56,540.48,6
2041,10316,10,20041101,90,95,10,3,2,59.16,118.32,6
2042,10316,11,20041101,92,95,10,3,3,36.66,109.98,6
2043,10316,12,20041101,97,95,10,3,4,74.90,299.60,6
2044,10316,13,20041101,99,95,10,3,13,73.32,953.16,6
2045,10316,14,20041101,100,95,10,3,6,85.76,514.56,6
2046,10316,15,20041101,101,95,10,3,18,67.22,1209.96,6
2047,10316,16,20041101,104,95,10,3,5,77.60,388.00,6
2048,10316,17,20041101,107,95,10,3,7,68.11,476.77,6
2049,10316,18,20041101,108,95,10,3,12,43.70,524.40,6
2050,10317,1,20041102,82,96,11,3,1,69.55,69.55,6
2051,10318,1,20041102,1,97,12,3,1,84.22,84.22,5
2052,10318,2,20041102,3,97,12,3,4,102.29,409.16,5
2053,10318,3,20041102,4,97,12,3,3,189.79,569.37,5
2054,10318,4,20041102,31,97,12,3,9,81.95,737.55,5
2055,10318,5,20041102,32,97,12,3,5,49.67,248.35,5
2056,10318,6,20041102,57,97,12,3,2,93.54,187.08,5
2057,10318,7,20041102,61,97,12,3,6,60.94,365.64,5
2058,10318,8,20041102,85,97,12,3,7,81.91,573.37,5
2059,10318,9,20041102,103,97,12,3,8,102.04,816.32,5
2060,10319,1,20041103,10,98,13,3,9,134.05,1206.45,3
2061,10319,2,20041103,42,98,13,3,1,77.19,77.19,3
2062,10319,3,20041103,46,98,13,3,4,54.71,218.84,3
2063,10319,4,20041103,53,98,13,3,3,120.53,361.59,3
2064,10319,5,20041103,65,98,13,3,7,65.80,460.60,3
2065,10319,6,20041103,83,98,13,3,2,78.41,156.82,3
2066,10319,7,20041103,86,98,13,3,5,35.00,175.00,3
2067,10319,8,20041103,91,98,13,3,8,96.95,775.60,3
2068,10319,9,20041103,95,98,13,3,6,79.73,478.38,3
2069,10320,1,20041103,7,99,14,3,3,184.84,554.52,4
2070,10320,2,20041103,12,99,14,3,1,102.17,102.17,4
2071,10320,3,20041103,14,99,14,3,4,63.84,255.36,4
2072,10320,4,20041103,44,99,14,3,5,139.64,698.20,4
2073,10320,5,20041103,73,99,14,3,2,60.62,121.24,4
2074,10321,1,20041104,16,100,15,3,15,105.95,1589.25,3
2075,10321,2,20041104,18,100,15,3,10,123.14,1231.40,3
2076,10321,3,20041104,21,100,15,3,6,120.71,724.26,3
2077,10321,4,20041104,24,100,15,3,14,73.92,1034.88,3
2078,10321,5,20041104,25,100,15,3,9,142.25,1280.25,3
2079,10321,6,20041104,34,100,15,3,7,126.72,887.04,3
2080,10321,7,20041104,40,100,15,3,11,164.26,1806.86,3
2081,10321,8,20041104,45,100,15,3,8,138.45,1107.60,3
2082,10321,9,20041104,55,100,15,3,3,68.35,205.05,3
2083,10321,10,20041104,58,100,15,3,5,42.76,213.80,3
2084,10321,11,20041104,66,100,15,3,1,74.51,74.51,3
2085,10321,12,20041104,70,100,15,3,12,31.72,380.64,3
2086,10321,13,20041104,72,100,15,3,2,81.33,162.66,3
2087,10321,14,20041104,75,100,15,3,4,103.87,415.48,3
2088,10321,15,20041104,77,100,15,3,13,137.62,1789.06,3
2089,10322,1,20041104,2,101,16,3,1,180.01,180.01,6
2090,10322,2,20041104,6,101,16,3,8,141.83,1134.64,6
2091,10322,3,20041104,9,101,16,3,9,136.67,1230.03,6
2092,10322,4,20041104,17,101,16,3,10,101.50,1015.00,6
2093,10322,5,20041104,19,101,16,3,14,92.47,1294.58,6
2094,10322,6,20041104,20,101,16,3,5,44.21,221.05,6
2095,10322,7,20041104,29,101,16,3,6,120.77,724.62,6
2096,10322,8,20041104,30,101,16,3,11,57.12,628.32,6
2097,10322,9,20041104,33,101,16,3,2,158.63,317.26,6
2098,10322,10,20041104,35,101,16,3,12,100.30,1203.60,6
2099,10322,11,20041104,36,101,16,3,13,54.34,706.42,6
2100,10322,12,20041104,38,101,16,3,7,90.06,630.42,6
2101,10322,13,20041104,60,101,16,3,3,26.55,79.65,6
2102,10322,14,20041104,63,101,16,3,4,40.77,163.08,6
2103,10323,1,20041105,43,102,17,3,2,88.30,176.60,4
2104,10323,2,20041105,51,102,17,3,1,96.86,96.86,4
2105,10324,1,20041105,11,103,18,3,1,148.06,148.06,3
2106,10324,2,20041105,15,103,18,3,7,100.73,705.11,3
2107,10324,3,20041105,26,103,18,3,8,142.45,1139.60,3
2108,10324,4,20041105,28,103,18,3,10,105.55,1055.50,3
2109,10324,5,20041105,40,103,18,3,12,137.17,1646.04,3
2110,10324,6,20041105,48,103,18,3,13,120.64,1568.32,3
2111,10324,7,20041105,52,103,18,3,6,49.81,298.86,3
2112,10324,8,20041105,56,103,18,3,14,49.71,695.94,3
2113,10324,9,20041105,64,103,18,3,2,107.34,214.68,3
2114,10324,10,20041105,67,103,18,3,9,29.35,264.15,3
2115,10324,11,20041105,81,103,18,3,3,95.44,286.32,3
2116,10324,12,20041105,84,103,18,3,11,91.49,1006.39,3
2117,10324,13,20041105,89,103,18,3,4,60.76,243.04,3
2118,10324,14,20041105,102,103,18,3,5,80.92,404.60,3
2119,10325,1,20041105,5,104,19,3,6,111.52,669.12,3
2120,10325,2,20041105,8,104,19,3,8,193.25,1546.00,3
2121,10325,3,20041105,13,104,19,3,1,166.10,166.10,3
2122,10325,4,20041105,39,104,19,3,9,114.74,1032.66,3
2123,10325,5,20041105,80,104,19,3,5,114.73,573.65,3
2124,10325,6,20041105,87,104,19,3,3,44.37,133.11,3
2125,10325,7,20041105,88,104,19,3,2,55.30,110.60,3
2126,10325,8,20041105,93,104,19,3,4,99.55,398.20,3
2127,10325,9,20041105,94,104,19,3,7,56.24,393.68,3
2128,10326,1,20041109,41,105,20,3,6,94.79,568.74,1
2129,10326,2,20041109,50,105,20,3,5,73.73,368.65,1
2130,10326,3,20041109,62,105,20,3,4,120.43,481.72,1
2131,10326,4,20041109,71,105,20,3,3,86.74,260.22,1
2132,10326,5,20041109,76,105,20,3,2,81.34,162.68,1
2133,10326,6,20041109,96,105,20,3,1,60.67,60.67,1
2134,10327,1,20041110,22,106,21,2,6,154.54,927.24,3
2135,10327,2,20041110,31,106,21,2,8,74.34,594.72,3
2136,10327,3,20041110,37,106,21,2,5,74.84,374.20,3
2137,10327,4,20041110,98,106,21,2,7,79.68,557.76,3
2138,10327,5,20041110,101,106,21,2,1,65.05,65.05,3
2139,10327,6,20041110,105,106,21,2,2,85.14,170.28,3
2140,10327,7,20041110,106,106,21,2,3,83.42,250.26,3
2141,10327,8,20041110,109,106,21,2,4,48.05,192.20,3
2142,10328,1,20041112,47,107,22,3,6,104.81,628.86,6
2143,10328,2,20041112,59,107,22,3,14,87.54,1225.56,6
2144,10328,3,20041112,68,107,22,3,1,67.82,67.82,6
2145,10328,4,20041112,74,107,22,3,2,56.55,113.10,6
2146,10328,5,20041112,78,107,22,3,3,55.96,167.88,6
2147,10328,6,20041112,82,107,22,3,4,69.55,278.20,6
2148,10328,7,20041112,90,107,22,3,5,57.10,285.50,6
2149,10328,8,20041112,92,107,22,3,7,42.33,296.31,6
2150,10328,9,20041112,97,107,22,3,8,84.03,672.24,6
2151,10328,10,20041112,99,107,22,3,9,75.13,676.17,6
2152,10328,11,20041112,100,107,22,3,10,95.73,957.30,6
2153,10328,12,20041112,103,107,22,3,11,117.46,1292.06,6
2154,10328,13,20041112,104,107,22,3,13,71.20,925.60,6
2155,10328,14,20041112,107,107,22,3,12,69.59,835.08,6
2156,10329,1,20041115,1,108,23,3,1,80.39,80.39,1
2157,10329,2,20041115,3,108,23,3,2,109.42,218.84,1
2158,10329,3,20041115,4,108,23,3,3,164.61,493.83,1
2159,10329,4,20041115,7,108,23,3,5,182.90,914.50,1
2160,10329,5,20041115,10,108,23,3,6,128.03,768.18,1
2161,10329,6,20041115,12,108,23,3,13,117.44,1526.72,1
2162,10329,7,20041115,14,108,23,3,14,74.21,1038.94,1
2163,10329,8,20041115,16,108,23,3,15,102.49,1537.35,1
2164,10329,9,20041115,24,108,23,3,9,66.22,595.98,1
2165,10329,10,20041115,32,108,23,3,12,55.72,668.64,1
2166,10329,11,20041115,42,108,23,3,10,65.13,651.30,1
2167,10329,12,20041115,57,108,23,3,7,104.81,733.67,1
2168,10329,13,20041115,61,108,23,3,4,71.60,286.40,1
2169,10329,14,20041115,85,108,23,3,11,80.91,890.01,1
2170,10329,15,20041115,108,108,23,3,8,41.22,329.76,1
2171,10330,1,20041116,44,109,1,3,3,136.70,410.10,5
2172,10330,2,20041116,46,109,1,3,2,59.06,118.12,5
2173,10330,3,20041116,53,109,1,3,4,133.92,535.68,5
2174,10330,4,20041116,65,109,1,3,1,56.10,56.10,5
2175,10331,1,20041117,18,110,2,3,6,120.31,721.86,6
2176,10331,2,20041117,21,110,2,3,14,99.55,1393.70,6
2177,10331,3,20041117,23,110,2,3,7,154.70,1082.90,6
2178,10331,4,20041117,25,110,2,3,8,135.14,1081.12,6
2179,10331,5,20041117,34,110,2,3,10,130.68,1306.80,6
2180,10331,6,20041117,40,110,2,3,11,169.34,1862.74,6
2181,10331,7,20041117,45,110,2,3,12,132.80,1593.60,6
2182,10331,8,20041117,70,110,2,3,13,37.00,481.00,6
2183,10331,9,20041117,73,110,2,3,9,55.11,495.99,6
2184,10331,10,20041117,77,110,2,3,1,139.03,139.03,6
2185,10331,11,20041117,83,110,2,3,2,70.33,140.66,6
2186,10331,12,20041117,86,110,2,3,3,33.39,100.17,6
2187,10331,13,20041117,91,110,2,3,4,100.01,400.04,6
2188,10331,14,20041117,95,110,2,3,5,74.04,370.20,6
2189,10332,1,20041117,19,111,3,3,15,89.38,1340.70,1
2190,10332,2,20041117,20,111,3,3,16,51.21,819.36,1
2191,10332,3,20041117,27,111,3,3,9,53.88,484.92,1
2192,10332,4,20041117,29,111,3,3,8,116.96,935.68,1
2193,10332,5,20041117,33,111,3,3,1,138.38,138.38,1
2194,10332,6,20041117,36,111,3,3,17,53.09,902.53,1
2195,10332,7,20041117,38,111,3,3,18,100.53,1809.54,1
2196,10332,8,20041117,49,111,3,3,2,92.03,184.06,1
2197,10332,9,20041117,54,111,3,3,3,70.56,211.68,1
2198,10332,10,20041117,55,111,3,3,4,61.73,246.92,1
2199,10332,11,20041117,58,111,3,3,5,47.29,236.45,1
2200,10332,12,20041117,60,111,3,3,6,29.87,179.22,1
2201,10332,13,20041117,63,111,3,3,10,43.01,430.10,1
2202,10332,14,20041117,66,111,3,3,7,84.51,591.57,1
2203,10332,15,20041117,69,111,3,3,11,108.04,1188.44,1
2204,10332,16,20041117,72,111,3,3,12,77.91,934.92,1
2205,10332,17,20041117,75,111,3,3,13,94.23,1224.99,1
2206,10332,18,20041117,79,111,3,3,14,34.47,482.58,1
2207,10333,1,20041118,2,112,4,3,3,188.58,565.74,2
2208,10333,2,20041118,9,112,4,3,6,121.64,729.84,2
2209,10333,3,20041118,17,112,4,3,7,110.84,775.88,2
2210,10333,4,20041118,35,112,4,3,5,95.23,476.15,2
2211,10333,5,20041118,43,112,4,3,2,95.24,190.48,2
2212,10333,6,20041118,52,112,4,3,8,42.26,338.08,2
2213,10333,7,20041118,81,112,4,3,1,95.44,95.44,2
2214,10333,8,20041118,89,112,4,3,4,62.05,248.20,2
2215,10334,1,20041119,6,113,5,1,2,130.01,260.02,1
2216,10334,2,20041119,28,113,5,1,6,108.00,648.00,1
2217,10334,3,20041119,30,113,5,1,1,52.87,52.87,1
2218,10334,4,20041119,40,113,5,1,3,147.33,441.99,1
2219,10334,5,20041119,51,113,5,1,4,101.71,406.84,1
2220,10334,6,20041119,64,113,5,1,5,117.57,587.85,1
2221,10335,1,20041119,67,114,6,3,2,32.88,65.76,4
2222,10335,2,20041119,84,114,6,3,1,77.05,77.05,4
2223,10335,3,20041119,87,114,6,3,3,49.78,149.34,4
2224,10336,1,20041120,8,115,7,3,10,176.63,1766.30,4
2225,10336,2,20041120,11,115,7,3,11,126.91,1396.01,4
2226,10336,3,20041120,13,115,7,3,1,141.88,141.88,4
2227,10336,4,20041120,15,115,7,3,3,95.99,287.97,4
2228,10336,5,20041120,26,115,7,3,6,153.91,923.46,4
2229,10336,6,20041120,39,115,7,3,12,135.22,1622.64,4
2230,10336,7,20041120,41,115,7,3,7,100.84,705.88,4
2231,10336,8,20041120,56,115,7,3,4,49.71,198.84,4
2232,10336,9,20041120,80,115,7,3,5,113.55,567.75,4
2233,10336,10,20041120,88,115,7,3,9,59.03,531.27,4
2234,10336,11,20041120,93,115,7,3,8,109.96,879.68,4
2235,10336,12,20041120,102,115,7,3,2,94.07,188.14,4
2236,10337,1,20041121,5,116,8,3,8,131.92,1055.36,5
2237,10337,2,20041121,48,116,8,3,3,140.75,422.25,5
2238,10337,3,20041121,50,116,8,3,2,76.36,152.72,5
2239,10337,4,20041121,62,116,8,3,4,119.20,476.80,5
2240,10337,5,20041121,94,116,8,3,6,54.48,326.88,5
2241,10337,6,20041121,98,116,8,3,9,73.62,662.58,5
2242,10337,7,20041121,105,116,8,3,1,84.14,84.14,5
2243,10337,8,20041121,106,116,8,3,7,83.42,583.94,5
2244,10337,9,20041121,109,116,8,3,5,49.14,245.70,5
2245,10338,1,20041122,22,117,9,3,1,137.19,137.19,5
2246,10338,2,20041122,37,117,9,3,3,80.86,242.58,5
2247,10338,3,20041122,47,117,9,3,2,93.17,186.34,5
2248,10339,1,20041123,3,118,10,3,4,117.75,471.00,7
2249,10339,2,20041123,4,118,10,3,3,178.17,534.51,7
2250,10339,3,20041123,31,118,10,3,2,79.41,158.82,7
2251,10339,4,20041123,32,118,10,3,1,48.46,48.46,7
2252,10339,5,20041123,57,118,10,3,10,96.92,969.20,7
2253,10339,6,20041123,59,118,10,3,7,106.14,742.98,7
2254,10339,7,20041123,68,118,10,3,12,67.82,813.84,7
2255,10339,8,20041123,71,118,10,3,13,73.46,954.98,7
2256,10339,9,20041123,74,118,10,3,14,57.86,810.04,7
2257,10339,10,20041123,76,118,10,3,16,72.96,1167.36,7
2258,10339,11,20041123,78,118,10,3,11,57.32,630.52,7
2259,10339,12,20041123,96,118,10,3,5,53.34,266.70,7
2260,10339,13,20041123,99,118,10,3,15,86.90,1303.50,7
2261,10339,14,20041123,101,118,10,3,9,62.16,559.44,7
2262,10339,15,20041123,107,118,10,3,8,66.63,533.04,7
2263,10339,16,20041123,108,118,10,3,6,49.66,297.96,7
2264,10340,1,20041124,61,119,11,3,8,62.46,499.68,1
2265,10340,2,20041124,82,119,11,3,1,63.76,63.76,1
2266,10340,3,20041124,85,119,11,3,2,95.89,191.78,1
2267,10340,4,20041124,90,119,11,3,3,67.41,202.23,1
2268,10340,5,20041124,92,119,11,3,4,37.09,148.36,1
2269,10340,6,20041124,97,119,11,3,5,73.99,369.95,1
2270,10340,7,20041124,100,119,11,3,7,81.77,572.39,1
2271,10340,8,20041124,103,119,11,3,6,98.48,590.88,1
2272,10341,1,20041124,1,120,12,3,9,84.22,757.98,5
2273,10341,2,20041124,7,120,12,3,2,192.62,385.24,5
2274,10341,3,20041124,10,120,12,3,8,120.50,964.00,5
2275,10341,4,20041124,12,120,12,3,1,111.57,111.57,5
2276,10341,5,20041124,14,120,12,3,10,77.41,774.10,5
2277,10341,6,20041124,16,120,12,3,7,109.40,765.80,5
2278,10341,7,20041124,65,120,12,3,6,63.03,378.18,5
2279,10341,8,20041124,91,120,12,3,4,95.93,383.72,5
2280,10341,9,20041124,95,120,12,3,3,78.11,234.33,5
2281,10341,10,20041124,104,120,12,3,5,70.40,352.00,5
2282,10342,1,20041124,18,121,13,3,2,118.89,237.78,5
2283,10342,2,20041124,24,121,13,3,1,63.14,63.14,5
2284,10342,3,20041124,25,121,13,3,3,115.22,345.66,5
2285,10342,4,20041124,40,121,13,3,4,167.65,670.60,5
2286,10342,5,20041124,42,121,13,3,5,76.39,381.95,5
2287,10342,6,20041124,44,121,13,3,7,136.70,956.90,5
2288,10342,7,20041124,46,121,13,3,8,57.82,462.56,5
2289,10342,8,20041124,53,121,13,3,11,124.99,1374.89,5
2290,10342,9,20041124,70,121,13,3,9,30.59,275.31,5
2291,10342,10,20041124,73,121,13,3,10,60.01,600.10,5
2292,10342,11,20041124,77,121,13,3,6,112.34,674.04,5
2293,10343,1,20041124,21,122,14,3,4,109.51,438.04,2
2294,10343,2,20041124,34,122,14,3,3,118.80,356.40,2
2295,10343,3,20041124,45,122,14,3,2,127.15,254.30,2
2296,10343,4,20041124,58,122,14,3,6,44.78,268.68,2
2297,10343,5,20041124,83,122,14,3,1,76.80,76.80,2
2298,10343,6,20041124,86,122,14,3,5,37.41,187.05,2
2299,10344,1,20041125,23,1,15,3,1,168.30,168.30,4
2300,10344,2,20041125,27,1,15,3,2,49.04,98.08,4
2301,10344,3,20041125,29,1,15,3,3,118.23,354.69,4
2302,10344,4,20041125,49,1,15,3,4,80.99,323.96,4
2303,10344,5,20041125,54,1,15,3,5,68.42,342.10,4
2304,10344,6,20041125,55,1,15,3,7,61.00,427.00,4
2305,10344,7,20041125,60,1,15,3,6,27.88,167.28,4
2306,10345,1,20041125,63,2,16,3,1,38.98,38.98,1
2307,10346,1,20041129,19,3,17,3,3,88.36,265.08,1
2308,10346,2,20041129,66,3,17,3,1,87.24,87.24,1
2309,10346,3,20041129,69,3,17,3,5,117.44,587.20,1
2310,10346,4,20041129,72,3,17,3,2,80.47,160.94,1
2311,10346,5,20041129,75,3,17,3,6,103.87,623.22,1
2312,10346,6,20041129,79,3,17,3,4,38.57,154.28,1
2313,10347,1,20041129,2,4,18,3,1,188.58,188.58,1
2314,10347,2,20041129,6,4,18,3,2,132.97,265.94,1
2315,10347,3,20041129,9,4,18,3,3,132.57,397.71,1
2316,10347,4,20041129,17,4,18,3,5,113.17,565.85,1
2317,10347,5,20041129,20,4,18,3,7,46.36,324.52,1
2318,10347,6,20041129,30,4,18,3,8,51.05,408.40,1
2319,10347,7,20041129,33,4,18,3,6,136.69,820.14,1
2320,10347,8,20041129,35,4,18,3,9,84.09,756.81,1
2321,10347,9,20041129,36,4,18,3,10,60.59,605.90,1
2322,10347,10,20041129,38,4,18,3,11,95.30,1048.30,1
2323,10347,11,20041129,43,4,18,3,12,84.33,1011.96,1
2324,10347,12,20041129,51,4,18,3,4,115.03,460.12,1
2325,10348,1,20041101,8,5,19,3,8,207.80,1662.40,4
2326,10348,2,20041101,11,5,19,3,4,122.37,489.48,4
2327,10348,3,20041101,52,5,19,3,6,43.77,262.62,4
2328,10348,4,20041101,64,5,19,3,1,107.34,107.34,4
2329,10348,5,20041101,81,5,19,3,2,82.78,165.56,4
2330,10348,6,20041101,84,5,19,3,3,90.53,271.59,4
2331,10348,7,20041101,89,5,19,3,5,62.70,313.50,4
2332,10348,8,20041101,102,5,19,3,7,100.14,700.98,4
2333,10349,1,20041201,13,6,20,3,10,166.10,1661.00,2
2334,10349,2,20041201,15,6,20,3,9,114.95,1034.55,2
2335,10349,3,20041201,26,6,20,3,8,142.45,1139.60,2
2336,10349,4,20041201,28,6,20,3,7,117.82,824.74,2
2337,10349,5,20041201,40,6,20,3,6,164.26,985.56,2
2338,10349,6,20041201,48,6,20,3,5,140.75,703.75,2
2339,10349,7,20041201,56,6,20,3,4,50.29,201.16,2
2340,10349,8,20041201,67,6,20,3,3,31.47,94.41,2
2341,10349,9,20041201,80,6,20,3,2,111.18,222.36,2
2342,10349,10,20041201,87,6,20,3,1,44.37,44.37,2
2343,10350,1,20041202,5,7,21,3,5,110.16,550.80,3
2344,10350,2,20041202,37,7,21,3,6,84.30,505.80,3
2345,10350,3,20041202,39,7,21,3,1,135.22,135.22,3
2346,10350,4,20041202,41,7,21,3,2,94.79,189.58,3
2347,10350,5,20041202,50,7,21,3,3,70.22,210.66,3
2348,10350,6,20041202,62,7,21,3,7,98.31,688.17,3
2349,10350,7,20041202,71,7,21,3,9,86.74,780.66,3
2350,10350,8,20041202,76,7,21,3,10,77.15,771.50,3
2351,10350,9,20041202,88,7,21,3,14,61.52,861.28,3
2352,10350,10,20041202,93,7,21,3,8,104.18,833.44,3
2353,10350,11,20041202,94,7,21,3,17,56.82,965.94,3
2354,10350,12,20041202,96,7,21,3,11,56.00,616.00,3
2355,10350,13,20041202,98,7,21,3,4,76.22,304.88,3
2356,10350,14,20041202,101,7,21,3,12,68.67,824.04,3
2357,10350,15,20041202,105,7,21,3,13,87.15,1132.95,3
2358,10350,16,20041202,106,7,21,3,16,97.32,1557.12,3
2359,10350,17,20041202,109,7,21,3,15,48.05,720.75,3
2360,10351,1,20041203,22,8,22,3,1,143.50,143.50,4
2361,10351,2,20041203,47,8,22,3,2,104.81,209.62,4
2362,10351,3,20041203,68,8,22,3,5,64.40,322.00,4
2363,10351,4,20041203,74,8,22,3,4,53.92,215.68,4
2364,10351,5,20041203,78,8,22,3,3,68.24,204.72,4
2365,10352,1,20041203,99,9,23,3,3,75.13,225.39,6
2366,10352,2,20041203,100,9,23,3,2,87.75,175.50,6
2367,10352,3,20041203,107,9,23,3,1,62.19,62.19,6
2368,10352,4,20041203,108,9,23,3,4,46.18,184.72,6
2369,10353,1,20041204,31,10,1,3,1,71.81,71.81,1
2370,10353,2,20041204,59,10,1,3,2,107.23,214.46,1
2371,10353,3,20041204,82,10,1,3,3,69.55,208.65,1
2372,10353,4,20041204,85,10,1,3,5,86.90,434.50,1
2373,10353,5,20041204,90,10,1,3,7,68.10,476.70,1
2374,10353,6,20041204,92,10,1,3,8,35.78,286.24,1
2375,10353,7,20041204,97,10,1,3,9,73.07,657.63,1
2376,10353,8,20041204,103,10,1,3,4,98.48,393.92,1
2377,10353,9,20041204,104,10,1,3,6,74.40,446.40,1
2378,10354,1,20041204,1,11,2,3,6,84.22,505.32,1
2379,10354,2,20041204,3,11,2,3,2,95.15,190.30,1
2380,10354,3,20041204,4,11,2,3,3,178.17,534.51,1
2381,10354,4,20041204,7,11,2,3,9,157.60,1418.40,1
2382,10354,5,20041204,10,11,2,3,4,141.58,566.32,1
2383,10354,6,20041204,12,11,2,3,11,98.65,1085.15,1
2384,10354,7,20041204,14,11,2,3,12,76.61,919.32,1
2385,10354,8,20041204,16,11,2,3,13,100.19,1302.47,1
2386,10354,9,20041204,24,11,2,3,8,76.23,609.84,1
2387,10354,10,20041204,32,11,2,3,10,49.06,490.60,1
2388,10354,11,20041204,42,11,2,3,7,69.15,484.05,1
2389,10354,12,20041204,57,11,2,3,5,96.92,484.60,1
2390,10354,13,20041204,61,11,2,3,1,62.46,62.46,1
2391,10355,1,20041207,44,12,3,3,7,117.59,823.13,6
2392,10355,2,20041207,46,12,3,3,1,60.30,60.30,6
2393,10355,3,20041207,53,12,3,3,2,124.99,249.98,6
2394,10355,4,20041207,65,12,3,3,3,56.10,168.30,6
2395,10355,5,20041207,70,12,3,3,4,37.38,149.52,6
2396,10355,6,20041207,73,12,3,3,6,60.62,363.72,6
2397,10355,7,20041207,77,12,3,3,8,137.62,1100.96,6
2398,10355,8,20041207,83,12,3,3,9,75.18,676.62,6
2399,10355,9,20041207,86,12,3,3,10,32.99,329.90,6
2400,10355,10,20041207,91,12,3,3,5,93.89,469.45,6
2401,10356,1,20041209,18,13,4,3,8,120.31,962.48,3
2402,10356,2,20041209,19,13,4,3,9,82.19,739.71,3
2403,10356,3,20041209,20,13,4,3,6,44.75,268.50,3
2404,10356,4,20041209,25,13,4,3,2,130.87,261.74,3
2405,10356,5,20041209,29,13,4,3,3,106.79,320.37,3
2406,10356,6,20041209,33,13,4,3,1,158.63,158.63,3
2407,10356,7,20041209,60,13,4,3,5,31.86,159.30,3
2408,10356,8,20041209,63,13,4,3,7,42.11,294.77,3
2409,10356,9,20041209,95,13,4,3,4,78.11,312.44,3
2410,10357,1,20041210,2,14,5,3,10,199.30,1993.00,4
2411,10357,2,20041210,6,14,5,3,9,135.92,1223.28,4
2412,10357,3,20041210,9,14,5,3,8,109.34,874.72,4
2413,10357,4,20041210,17,14,5,3,1,112.00,112.00,4
2414,10357,5,20041210,30,14,5,3,7,58.95,412.65,4
2415,10357,6,20041210,35,14,5,3,6,91.18,547.08,4
2416,10357,7,20041210,36,14,5,3,5,59.34,296.70,4
2417,10357,8,20041210,38,14,5,3,4,104.72,418.88,4
2418,10357,9,20041210,43,14,5,3,3,84.33,252.99,4
2419,10357,10,20041210,51,14,5,3,2,105.34,210.68,4
2420,10358,1,20041210,11,15,6,3,5,129.93,649.65,6
2421,10358,2,20041210,15,15,6,3,9,98.36,885.24,6
2422,10358,3,20041210,26,15,6,3,10,142.45,1424.50,6
2423,10358,4,20041210,28,15,6,3,11,99.41,1093.51,6
2424,10358,5,20041210,40,15,6,3,12,137.17,1646.04,6
2425,10358,6,20041210,48,15,6,3,13,117.77,1531.01,6
2426,10358,7,20041210,52,15,6,3,8,46.29,370.32,6
2427,10358,8,20041210,56,15,6,3,14,56.07,784.98,6
2428,10358,9,20041210,64,15,6,3,7,127.79,894.53,6
2429,10358,10,20041210,67,15,6,3,4,33.59,134.36,6
2430,10358,11,20041210,81,15,6,3,6,88.62,531.72,6
2431,10358,12,20041210,84,15,6,3,1,82.83,82.83,6
2432,10358,13,20041210,89,15,6,3,2,51.71,103.42,6
2433,10358,14,20041210,102,15,6,3,3,85.98,257.94,6
2434,10359,1,20041215,5,16,7,3,6,122.40,734.40,3
2435,10359,2,20041215,8,16,7,3,8,180.79,1446.32,3
2436,10359,3,20041215,13,16,7,3,5,162.64,813.20,3
2437,10359,4,20041215,80,16,7,3,7,108.82,761.74,3
2438,10359,5,20041215,87,16,7,3,3,45.45,136.35,3
2439,10359,6,20041215,88,16,7,3,1,62.14,62.14,3
2440,10359,7,20041215,93,16,7,3,2,99.55,199.10,3
2441,10359,8,20041215,94,16,7,3,4,47.45,189.80,3
2442,10360,1,20041216,22,17,8,3,12,126.15,1513.80,2
2443,10360,2,20041216,31,17,8,3,13,68.43,889.59,2
2444,10360,3,20041216,37,17,8,3,14,71.40,999.60,2
2445,10360,4,20041216,39,17,8,3,8,122.93,983.44,2
2446,10360,5,20041216,41,17,8,3,18,94.79,1706.22,2
2447,10360,6,20041216,47,17,8,3,15,101.64,1524.60,2
2448,10360,7,20041216,50,17,8,3,1,76.36,76.36,2
2449,10360,8,20041216,59,17,8,3,17,106.14,1804.38,2
2450,10360,9,20041216,62,17,8,3,2,100.77,201.54,2
2451,10360,10,20041216,68,17,8,3,16,55.49,887.84,2
2452,10360,11,20041216,71,17,8,3,3,70.81,212.43,2
2453,10360,12,20041216,76,17,8,3,4,78.83,315.32,2
2454,10360,13,20041216,96,17,8,3,5,64.67,323.35,2
2455,10360,14,20041216,98,17,8,3,6,86.61,519.66,2
2456,10360,15,20041216,101,17,8,3,7,70.11,490.77,2
2457,10360,16,20041216,105,17,8,3,9,83.14,748.26,2
2458,10360,17,20041216,106,17,8,3,10,92.36,923.60,2
2459,10360,18,20041216,109,17,8,3,11,54.05,594.55,2
2460,10361,1,20041217,1,18,9,3,13,92.83,1206.79,3
2461,10361,2,20041217,3,18,9,3,8,114.18,913.44,3
2462,10361,3,20041217,74,18,9,3,6,62.46,374.76,3
2463,10361,4,20041217,78,18,9,3,7,61.42,429.94,3
2464,10361,5,20041217,82,18,9,3,1,68.83,68.83,3
2465,10361,6,20041217,90,18,9,3,2,56.41,112.82,3
2466,10361,7,20041217,92,18,9,3,3,35.78,107.34,3
2467,10361,8,20041217,97,18,9,3,4,88.60,354.40,3
2468,10361,9,20041217,99,18,9,3,14,85.99,1203.86,3
2469,10361,10,20041217,100,18,9,3,9,91.74,825.66,3
2470,10361,11,20041217,103,18,9,3,5,107.97,539.85,3
2471,10361,12,20041217,104,18,9,3,10,76.80,768.00,3
2472,10361,13,20041217,107,18,9,3,11,62.19,684.09,3
2473,10361,14,20041217,108,18,9,3,12,47.67,572.04,3
2474,10362,1,20050105,4,19,10,3,4,182.04,728.16,5
2475,10362,2,20050105,10,19,10,3,1,131.04,131.04,5
2476,10362,3,20050105,32,19,10,3,3,53.91,161.73,5
2477,10362,4,20050105,57,19,10,3,2,91.29,182.58,5
2478,10363,1,20050106,7,20,11,3,3,180.95,542.85,4
2479,10363,2,20050106,12,20,11,3,4,106.87,427.48,4
2480,10363,3,20050106,14,20,11,3,5,68.63,343.15,4
2481,10363,4,20050106,16,20,11,3,6,103.64,621.84,4
2482,10363,5,20050106,24,20,11,3,7,61.60,431.20,4
2483,10363,6,20050106,42,20,11,3,10,69.15,691.50,4
2484,10363,7,20050106,44,20,11,3,11,124.94,1374.34,4
2485,10363,8,20050106,46,20,11,3,12,52.22,626.64,4
2486,10363,9,20050106,53,20,11,3,13,123.50,1605.50,4
2487,10363,10,20050106,61,20,11,3,8,70.08,560.64,4
2488,10363,11,20050106,65,20,11,3,14,56.10,785.40,4
2489,10363,12,20050106,73,20,11,3,15,52.05,780.75,4
2490,10363,13,20050106,77,20,11,3,1,113.75,113.75,4
2491,10363,14,20050106,83,20,11,3,9,75.99,683.91,4
2492,10363,15,20050106,85,20,11,3,2,92.90,185.80,4
2493,10364,1,20050106,86,21,12,3,1,38.22,38.22,3
2494,10365,1,20050107,18,22,13,3,1,116.06,116.06,4
2495,10365,2,20050107,91,22,13,3,3,82.66,247.98,4
2496,10365,3,20050107,95,22,13,3,2,68.34,136.68,4
2497,10366,1,20050110,25,23,14,3,3,116.65,349.95,2
2498,10366,2,20050110,34,23,14,3,2,105.60,211.20,2
2499,10366,3,20050110,40,23,14,3,1,154.10,154.10,2
2500,10367,1,20050112,21,24,15,2,1,105.77,105.77,4
2501,10367,2,20050112,23,24,15,2,3,144.50,433.50,4
2502,10367,3,20050112,27,24,15,2,4,50.25,201.00,4
2503,10367,4,20050112,29,24,15,2,5,124.59,622.95,4
2504,10367,5,20050112,33,24,15,2,7,140.06,980.42,4
2505,10367,6,20050112,45,24,15,2,6,131.39,788.34,4
2506,10367,7,20050112,49,24,15,2,8,77.31,618.48,4
2507,10367,8,20050112,54,24,15,2,9,66.99,602.91,4
2508,10367,9,20050112,55,24,15,2,10,72.76,727.60,4
2509,10367,10,20050112,58,24,15,2,11,50.31,553.41,4
2510,10367,11,20050112,60,24,15,2,13,29.54,384.02,4
2511,10367,12,20050112,63,24,15,2,12,43.01,516.12,4
2512,10367,13,20050112,70,24,15,2,2,36.25,72.50,4
2513,10368,1,20050119,66,25,16,3,2,73.60,147.20,5
2514,10368,2,20050119,69,25,16,3,5,115.09,575.45,5
2515,10368,3,20050119,72,25,16,3,1,83.04,83.04,5
2516,10368,4,20050119,75,25,16,3,4,93.16,372.64,5
2517,10368,5,20050119,79,25,16,3,3,36.52,109.56,5
2518,10369,1,20050120,2,26,17,3,2,195.01,390.02,4
2519,10369,2,20050120,19,26,17,3,8,89.38,715.04,4
2520,10369,3,20050120,20,26,17,3,7,46.36,324.52,4
2521,10369,4,20050120,35,26,17,3,1,100.30,100.30,4
2522,10369,5,20050120,36,26,17,3,6,51.84,311.04,4
2523,10369,6,20050120,38,26,17,3,5,90.06,450.30,4
2524,10369,7,20050120,43,26,17,3,4,80.36,321.44,4
2525,10369,8,20050120,81,26,17,3,3,93.49,280.47,4
2526,10370,1,20050120,6,27,18,3,4,128.53,514.12,5
2527,10370,2,20050120,9,27,18,3,8,128.47,1027.76,5
2528,10370,3,20050120,17,27,18,3,1,100.34,100.34,5
2529,10370,4,20050120,28,27,18,3,5,101.87,509.35,5
2530,10370,5,20050120,30,27,18,3,7,60.16,421.12,5
2531,10370,6,20050120,40,27,18,3,9,167.65,1508.85,5
2532,10370,7,20050120,51,27,18,3,6,105.34,632.04,5
2533,10370,8,20050120,52,27,18,3,2,41.76,83.52,5
2534,10370,9,20050120,89,27,18,3,3,63.99,191.97,5
2535,10371,1,20050123,8,28,19,3,6,178.71,1072.26,2
2536,10371,2,20050123,15,28,19,3,4,104.28,417.12,2
2537,10371,3,20050123,26,28,19,3,7,160.46,1123.22,2
2538,10371,4,20050123,56,28,19,3,12,53.75,645.00,2
2539,10371,5,20050123,64,28,19,3,5,126.51,632.55,2
2540,10371,6,20050123,67,28,19,3,8,35.01,280.08,2
2541,10371,7,20050123,80,28,19,3,9,95.81,862.29,2
2542,10371,8,20050123,84,28,19,3,1,82.83,82.83,2
2543,10371,9,20050123,87,28,19,3,2,44.37,88.74,2
2544,10371,10,20050123,88,28,19,3,11,53.44,587.84,2
2545,10371,11,20050123,93,28,19,3,10,97.23,972.30,2
2546,10371,12,20050123,102,28,19,3,3,83.95,251.85,2
2547,10372,1,20050126,11,29,20,3,4,146.55,586.20,2
2548,10372,2,20050126,13,29,20,3,1,140.15,140.15,2
2549,10372,3,20050126,39,29,20,3,3,131.13,393.39,2
2550,10372,4,20050126,41,29,20,3,5,91.76,458.80,2
2551,10372,5,20050126,48,29,20,3,6,119.20,715.20,2
2552,10372,6,20050126,50,29,20,3,7,78.99,552.93,2
2553,10372,7,20050126,62,29,20,3,8,102.00,816.00,2
2554,10372,8,20050126,94,29,20,3,9,56.82,511.38,2
2555,10372,9,20050126,98,29,20,3,2,74.48,148.96,2
2556,10373,1,20050131,5,30,21,3,3,118.32,354.96,6
2557,10373,2,20050131,22,30,21,3,4,143.50,574.00,6
2558,10373,3,20050131,37,30,21,3,5,75.70,378.50,6
2559,10373,4,20050131,47,30,21,3,6,99.52,597.12,6
2560,10373,5,20050131,68,30,21,3,7,58.92,412.44,6
2561,10373,6,20050131,71,30,21,3,12,82.31,987.72,6
2562,10373,7,20050131,74,30,21,3,11,53.92,593.12,6
2563,10373,8,20050131,76,30,21,3,10,83.86,838.60,6
2564,10373,9,20050131,78,30,21,3,13,62.10,807.30,6
2565,10373,10,20050131,96,30,21,3,14,58.00,812.00,6
2566,10373,11,20050131,99,30,21,3,15,76.94,1154.10,6
2567,10373,12,20050131,101,30,21,3,16,69.39,1110.24,6
2568,10373,13,20050131,105,30,21,3,2,94.16,188.32,6
2569,10373,14,20050131,106,30,21,3,8,83.42,667.36,6
2570,10373,15,20050131,107,30,21,3,17,68.11,1157.87,6
2571,10373,16,20050131,108,30,21,3,9,44.20,397.80,6
2572,10373,17,20050131,109,30,21,3,1,48.05,48.05,6
2573,10374,1,20050202,3,31,22,3,5,115.37,576.85,1
2574,10374,2,20050202,4,31,22,3,1,158.80,158.80,1
2575,10374,3,20050202,31,31,22,3,2,75.19,150.38,1
2576,10374,4,20050202,32,31,22,3,4,48.46,193.84,1
2577,10374,5,20050202,57,31,22,3,6,112.70,676.20,1
2578,10374,6,20050202,59,31,22,3,3,107.23,321.69,1
2579,10375,1,20050203,1,32,23,3,12,76.56,918.72,3
2580,10375,2,20050203,7,32,23,3,7,184.84,1293.88,3
2581,10375,3,20050203,10,32,23,3,13,150.62,1958.06,3
2582,10375,4,20050203,61,32,23,3,9,67.03,603.27,3
2583,10375,5,20050203,65,32,23,3,14,60.26,843.64,3
2584,10375,6,20050203,82,32,23,3,2,60.13,120.26,3
2585,10375,7,20050203,85,32,23,3,3,87.90,263.70,3
2586,10375,8,20050203,90,32,23,3,4,59.85,239.40,3
2587,10375,9,20050203,91,32,23,3,15,96.95,1454.25,3
2588,10375,10,20050203,92,32,23,3,5,36.22,181.10,3
2589,10375,11,20050203,95,32,23,3,8,69.16,553.28,3
2590,10375,12,20050203,97,32,23,3,6,86.77,520.62,3
2591,10375,13,20050203,100,32,23,3,1,94.73,94.73,3
2592,10375,14,20050203,103,32,23,3,10,98.48,984.80,3
2593,10375,15,20050203,104,32,23,3,11,69.60,765.60,3
2594,10376,1,20050208,12,33,1,3,1,98.65,98.65,5
2595,10377,1,20050209,14,34,2,3,5,65.44,327.20,3
2596,10377,2,20050209,16,34,2,3,1,112.86,112.86,3
2597,10377,3,20050209,18,34,2,3,2,124.56,249.12,3
2598,10377,4,20050209,24,34,2,3,4,61.60,246.40,3
2599,10377,5,20050209,25,34,2,3,6,125.18,751.08,3
2600,10377,6,20050209,40,34,2,3,3,143.94,431.82,3
2601,10378,1,20050210,21,35,3,3,5,121.95,609.75,1
2602,10378,2,20050210,42,35,3,3,4,66.74,266.96,1
2603,10378,3,20050210,44,35,3,3,10,146.99,1469.90,1
2604,10378,4,20050210,46,35,3,3,9,60.30,542.70,1
2605,10378,5,20050210,53,35,3,3,8,122.02,976.16,1
2606,10378,6,20050210,70,35,3,3,7,30.59,214.13,1
2607,10378,7,20050210,73,35,3,3,6,52.66,315.96,1
2608,10378,8,20050210,77,35,3,3,3,129.20,387.60,1
2609,10378,9,20050210,83,35,3,3,2,80.84,161.68,1
2610,10378,10,20050210,86,35,3,3,1,35.80,35.80,1
2611,10379,1,20050210,23,36,4,3,2,156.40,312.80,1
2612,10379,2,20050210,27,36,4,3,1,50.85,50.85,1
2613,10379,3,20050210,34,36,4,3,5,113.52,567.60,1
2614,10379,4,20050210,45,36,4,3,4,134.22,536.88,1
2615,10379,5,20050210,58,36,4,3,3,48.80,146.40,1
2616,10380,1,20050216,19,37,5,3,13,88.36,1148.68,2
2617,10380,2,20050216,29,37,5,3,10,119.50,1195.00,2
2618,10380,3,20050216,33,37,5,3,8,156.94,1255.52,2
2619,10380,4,20050216,49,37,5,3,1,78.23,78.23,2
2620,10380,5,20050216,54,37,5,3,2,66.99,133.98,2
2621,10380,6,20050216,55,37,5,3,3,66.88,200.64,2
2622,10380,7,20050216,60,37,5,3,4,29.87,119.48,2
2623,10380,8,20050216,63,37,5,3,5,37.63,188.15,2
2624,10380,9,20050216,66,37,5,3,6,77.24,463.44,2
2625,10380,10,20050216,69,37,5,3,7,111.57,780.99,2
2626,10380,11,20050216,72,37,5,3,9,77.05,693.45,2
2627,10380,12,20050216,75,37,5,3,11,91.02,1001.22,2
2628,10380,13,20050216,79,37,5,3,12,32.82,393.84,2
2629,10381,1,20050217,2,38,6,3,3,182.16,546.48,1
2630,10381,2,20050217,6,38,6,3,6,138.88,833.28,1
2631,10381,3,20050217,9,38,6,3,1,132.57,132.57,1
2632,10381,4,20050217,17,38,6,3,2,114.34,228.68,1
2633,10381,5,20050217,20,38,6,3,9,49.60,446.40,1
2634,10381,6,20050217,30,38,6,3,7,60.77,425.39,1
2635,10381,7,20050217,35,38,6,3,8,100.30,802.40,1
2636,10381,8,20050217,36,38,6,3,4,51.22,204.88,1
2637,10381,9,20050217,38,38,6,3,5,93.20,466.00,1
2638,10382,1,20050217,8,39,7,3,10,166.24,1662.40,1
2639,10382,2,20050217,11,39,7,3,11,145.04,1595.44,1
2640,10382,3,20050217,13,39,7,3,12,143.61,1723.32,1
2641,10382,4,20050217,15,39,7,3,13,103.10,1340.30,1
2642,10382,5,20050217,26,39,7,3,5,160.46,802.30,1
2643,10382,6,20050217,43,39,7,3,7,84.33,590.31,1
2644,10382,7,20050217,51,39,7,3,1,115.03,115.03,1
2645,10382,8,20050217,52,39,7,3,2,46.29,92.58,1
2646,10382,9,20050217,64,39,7,3,3,120.12,360.36,1
2647,10382,10,20050217,81,39,7,3,4,97.39,389.56,1
2648,10382,11,20050217,84,39,7,3,6,85.72,514.32,1
2649,10382,12,20050217,89,39,7,3,8,57.53,460.24,1
2650,10382,13,20050217,102,39,7,3,9,101.15,910.35,1
2651,10383,1,20050222,28,40,8,3,11,119.05,1309.55,3
2652,10383,2,20050222,39,40,8,3,9,125.66,1130.94,3
2653,10383,3,20050222,40,40,8,3,6,155.79,934.74,3
2654,10383,4,20050222,41,40,8,3,12,83.70,1004.40,3
2655,10383,5,20050222,48,40,8,3,1,137.88,137.88,3
2656,10383,6,20050222,50,40,8,3,7,77.24,540.68,3
2657,10383,7,20050222,56,40,8,3,2,52.60,105.20,3
2658,10383,8,20050222,67,40,8,3,3,33.24,99.72,3
2659,10383,9,20050222,80,40,8,3,4,117.10,468.40,3
2660,10383,10,20050222,87,40,8,3,5,53.57,267.85,3
2661,10383,11,20050222,88,40,8,3,8,55.93,447.44,3
2662,10383,12,20050222,93,40,8,3,13,94.92,1233.96,3
2663,10383,13,20050222,94,40,8,3,10,48.62,486.20,3
2664,10384,1,20050223,5,41,9,3,4,129.20,516.80,4
2665,10384,2,20050223,62,41,9,3,3,114.29,342.87,4
2666,10384,3,20050223,71,41,9,3,2,71.69,143.38,4
2667,10384,4,20050223,98,41,9,3,1,71.02,71.02,4
2668,10385,1,20050228,76,42,10,3,2,78.83,157.66,1
2669,10385,2,20050228,96,42,10,3,1,62.00,62.00,1
2670,10386,1,20050301,22,43,11,2,7,130.88,916.16,5
2671,10386,2,20050301,31,43,11,2,18,72.65,1307.70,5
2672,10386,3,20050301,37,43,11,2,5,73.12,365.60,5
2673,10386,4,20050301,47,43,11,2,6,100.58,603.48,5
2674,10386,5,20050301,59,43,11,2,11,101.76,1119.36,5
2675,10386,6,20050301,68,43,11,2,1,56.86,56.86,5
2676,10386,7,20050301,74,43,11,2,9,54.57,491.13,5
2677,10386,8,20050301,78,43,11,2,12,55.96,671.52,5
2678,10386,9,20050301,82,43,11,2,8,71.73,573.84,5
2679,10386,10,20050301,99,43,11,2,13,85.09,1106.17,5
2680,10386,11,20050301,100,43,11,2,14,90.75,1270.50,5
2681,10386,12,20050301,101,43,11,2,10,67.22,672.20,5
2682,10386,13,20050301,104,43,11,2,17,68.00,1156.00,5
2683,10386,14,20050301,105,43,11,2,2,83.14,166.28,5
2684,10386,15,20050301,106,43,11,2,3,80.44,241.32,5
2685,10386,16,20050301,107,43,11,2,15,59.22,888.30,5
2686,10386,17,20050301,108,43,11,2,16,47.67,762.72,5
2687,10386,18,20050301,109,43,11,2,4,52.42,209.68,5
2688,10387,1,20050302,85,44,12,3,1,79.91,79.91,4
2689,10388,1,20050303,1,45,13,3,4,80.39,321.56,6
2690,10388,2,20050303,3,45,13,3,5,118.94,594.70,6
2691,10388,3,20050303,4,45,13,3,7,156.86,1098.02,6
2692,10388,4,20050303,10,45,13,3,6,125.01,750.06,6
2693,10388,5,20050303,90,45,13,3,8,58.47,467.76,6
2694,10388,6,20050303,92,45,13,3,1,41.02,41.02,6
2695,10388,7,20050303,97,45,13,3,2,74.90,149.80,6
2696,10388,8,20050303,103,45,13,3,3,111.53,334.59,6
2697,10389,1,20050303,7,46,14,3,4,182.90,731.60,5
2698,10389,2,20050303,12,46,14,3,6,95.13,570.78,5
2699,10389,3,20050303,14,46,14,3,7,76.61,536.27,5
2700,10389,4,20050303,16,46,14,3,8,102.49,819.92,5
2701,10389,5,20050303,24,46,14,3,3,63.91,191.73,5
2702,10389,6,20050303,32,46,14,3,5,52.09,260.45,5
2703,10389,7,20050303,57,46,14,3,1,112.70,112.70,5
2704,10389,8,20050303,61,46,14,3,2,61.70,123.40,5
2705,10390,1,20050304,18,47,15,3,14,117.48,1644.72,3
2706,10390,2,20050304,25,47,15,3,15,132.29,1984.35,3
2707,10390,3,20050304,29,47,15,3,16,102.98,1647.68,3
2708,10390,4,20050304,33,47,15,3,7,162.00,1134.00,3
2709,10390,5,20050304,42,47,15,3,9,75.59,680.31,3
2710,10390,6,20050304,44,47,15,3,1,135.23,135.23,3
2711,10390,7,20050304,46,47,15,3,2,54.09,108.18,3
2712,10390,8,20050304,53,47,15,3,3,122.02,366.06,3
2713,10390,9,20050304,65,47,15,3,4,67.87,271.48,3
2714,10390,10,20050304,70,47,15,3,5,35.87,179.35,3
2715,10390,11,20050304,73,47,15,3,6,51.43,308.58,3
2716,10390,12,20050304,77,47,15,3,8,134.81,1078.48,3
2717,10390,13,20050304,83,47,15,3,10,66.29,662.90,3
2718,10390,14,20050304,86,47,15,3,11,39.02,429.22,3
2719,10390,15,20050304,91,47,15,3,12,101.03,1212.36,3
2720,10390,16,20050304,95,47,15,3,13,81.36,1057.68,3
2721,10391,1,20050309,2,48,16,3,4,195.01,780.04,6
2722,10391,2,20050309,6,48,16,3,7,121.15,848.05,6
2723,10391,3,20050309,9,48,16,3,9,110.70,996.30,6
2724,10391,4,20050309,17,48,16,3,10,114.34,1143.40,6
2725,10391,5,20050309,19,48,16,3,2,102.74,205.48,6
2726,10391,6,20050309,20,48,16,3,3,47.44,142.32,6
2727,10391,7,20050309,30,48,16,3,5,57.73,288.65,6
2728,10391,8,20050309,35,48,16,3,6,99.28,595.68,6
2729,10391,9,20050309,60,48,16,3,8,26.55,212.40,6
2730,10391,10,20050309,63,48,16,3,1,36.29,36.29,6
2731,10392,1,20050310,36,49,17,3,3,61.21,183.63,2
2732,10392,2,20050310,38,49,17,3,2,103.67,207.34,2
2733,10392,3,20050310,43,49,17,3,1,98.22,98.22,2
2734,10393,1,20050311,11,50,18,3,8,145.04,1160.32,3
2735,10393,2,20050311,15,50,18,3,10,99.54,995.40,3
2736,10393,3,20050311,26,50,18,3,11,137.53,1512.83,3
2737,10393,4,20050311,28,50,18,3,7,104.32,730.24,3
2738,10393,5,20050311,51,50,18,3,9,106.55,958.95,3
2739,10393,6,20050311,52,50,18,3,1,41.76,41.76,3
2740,10393,7,20050311,64,50,18,3,2,112.46,224.92,3
2741,10393,8,20050311,81,50,18,3,3,88.62,265.86,3
2742,10393,9,20050311,84,50,18,3,4,84.75,339.00,3
2743,10393,10,20050311,89,50,18,3,5,63.35,316.75,3
2744,10393,11,20050311,102,50,18,3,6,83.95,503.70,3
2745,10394,1,20050315,40,51,19,3,5,135.47,677.35,4
2746,10394,2,20050315,48,51,19,3,1,124.95,124.95,4
2747,10394,3,20050315,56,51,19,3,2,53.18,106.36,4
2748,10394,4,20050315,67,51,19,3,6,35.36,212.16,4
2749,10394,5,20050315,80,51,19,3,7,104.09,728.63,4
2750,10394,6,20050315,87,51,19,3,3,47.08,141.24,4
2751,10394,7,20050315,88,51,19,3,4,55.93,223.72,4
2752,10395,1,20050317,5,52,20,3,2,125.12,250.24,6
2753,10395,2,20050317,8,52,20,3,1,205.72,205.72,6
2754,10395,3,20050317,93,52,20,3,4,98.39,393.56,6
2755,10395,4,20050317,94,52,20,3,3,57.99,173.97,6
2756,10396,1,20050323,13,53,21,3,3,155.72,467.16,5
2757,10396,2,20050323,39,53,21,3,2,129.76,259.52,5
2758,10396,3,20050323,41,53,21,3,4,91.76,367.04,5
2759,10396,4,20050323,50,53,21,3,5,83.38,416.90,5
2760,10396,5,20050323,62,53,21,3,6,100.77,604.62,5
2761,10396,6,20050323,71,53,21,3,7,77.00,539.00,5
2762,10396,7,20050323,76,53,21,3,8,77.99,623.92,5
2763,10396,8,20050323,96,53,21,3,1,62.00,62.00,5
2764,10397,1,20050328,98,54,22,3,5,69.29,346.45,4
2765,10397,2,20050328,101,54,22,3,4,62.88,251.52,4
2766,10397,3,20050328,105,54,22,3,3,86.15,258.45,4
2767,10397,4,20050328,106,54,22,3,2,80.44,160.88,4
2768,10397,5,20050328,109,54,22,3,1,52.96,52.96,4
2769,10398,1,20050330,22,55,23,3,11,130.88,1439.68,1
2770,10398,2,20050330,31,55,23,3,15,82.79,1241.85,1
2771,10398,3,20050330,37,55,23,3,18,70.54,1269.72,1
2772,10398,4,20050330,47,55,23,3,17,92.11,1565.87,1
2773,10398,5,20050330,59,55,23,3,16,100.67,1610.72,1
2774,10398,6,20050330,68,55,23,3,3,60.29,180.87,1
2775,10398,7,20050330,74,55,23,3,13,61.15,794.95,1
2776,10398,8,20050330,78,55,23,3,2,56.64,113.28,1
2777,10398,9,20050330,82,55,23,3,14,65.93,923.02,1
2778,10398,10,20050330,90,55,23,3,4,60.54,242.16,1
2779,10398,11,20050330,92,55,23,3,5,38.84,194.20,1
2780,10398,12,20050330,97,55,23,3,6,78.55,471.30,1
2781,10398,13,20050330,99,55,23,3,7,75.13,525.91,1
2782,10398,14,20050330,100,55,23,3,8,98.72,789.76,1
2783,10398,15,20050330,103,55,23,3,9,102.04,918.36,1
2784,10398,16,20050330,104,55,23,3,10,76.80,768.00,1
2785,10398,17,20050330,107,55,23,3,12,62.19,746.28,1
2786,10398,18,20050330,108,55,23,3,1,41.22,41.22,1
2787,10399,1,20050401,1,56,1,3,8,77.52,620.16,2
2788,10399,2,20050401,3,56,1,3,7,99.91,699.37,2
2789,10399,3,20050401,4,56,1,3,6,156.86,941.16,2
2790,10399,4,20050401,10,56,1,3,5,123.51,617.55,2
2791,10399,5,20050401,32,56,1,3,4,51.48,205.92,2
2792,10399,6,20050401,57,56,1,3,3,104.81,314.43,2
2793,10399,7,20050401,61,56,1,3,2,75.41,150.82,2
2794,10399,8,20050401,85,56,1,3,1,97.89,97.89,2
2795,10400,1,20050401,5,57,2,3,9,134.64,1211.76,3
2796,10400,2,20050401,22,57,2,3,1,129.31,129.31,3
2797,10400,3,20050401,37,57,2,3,7,74.84,523.88,3
2798,10400,4,20050401,47,57,2,3,6,88.93,533.58,3
2799,10400,5,20050401,68,57,2,3,2,55.49,110.98,3
2800,10400,6,20050401,74,57,2,3,3,59.18,177.54,3
2801,10400,7,20050401,76,57,2,3,8,74.64,597.12,3
2802,10400,8,20050401,99,57,2,3,5,82.37,411.85,3
2803,10400,9,20050401,108,57,2,3,4,41.71,166.84,3
